Product ,Brands,Unit,Image URL
Tea,Safal,250ml,https://via.placeholder.com/150?text=Tea
Banana,Tyson,Piece,https://via.placeholder.com/150?text=Banana
Frozen Berries,Häagen-Dazs,250ml,https://via.placeholder.com/150?text=Frozen+Berries
Nuts,Galaxy,1kg,https://via.placeholder.com/150?text=Nuts
Beef,GreenLeaf,500g,https://via.placeholder.com/150?text=Beef
Cookies,Domino,Piece,https://via.placeholder.com/150?text=Cookies
Carrot,La Boulangerie,Piece,https://via.placeholder.com/150?text=Carrot
Grapes,Oreo,1kg,https://via.placeholder.com/150?text=Grapes
Tea,Safal,1kg,https://via.placeholder.com/150?text=Tea
Bread,Nescafe,1kg,https://via.placeholder.com/150?text=Bread
Tea,Hostess,1L,https://via.placeholder.com/150?text=Tea
Coffee,Tyson,Piece,https://via.placeholder.com/150?text=Coffee
Shrimp,Lipton,500ml,https://via.placeholder.com/150?text=Shrimp
Grapes,Wonder,2kg,https://via.placeholder.com/150?text=Grapes
Frozen Berries,Alphonso,1kg,https://via.placeholder.com/150?text=Frozen+Berries
Yogurt,McCain,Pack,https://via.placeholder.com/150?text=Yogurt
Pasta,Del Monte,Pack,https://via.placeholder.com/150?text=Pasta
Tea,McCain,500g,https://via.placeholder.com/150?text=Tea
Muffin,Domino,250ml,https://via.placeholder.com/150?text=Muffin
Soda,Tropicana,1L,https://via.placeholder.com/150?text=Soda
Muffin,Galaxy,500g,https://via.placeholder.com/150?text=Muffin
Pasta,Hostess,1L,https://via.placeholder.com/150?text=Pasta
Flour,Dole,2kg,https://via.placeholder.com/150?text=Flour
Beef,Haldiram,Dozen,https://via.placeholder.com/150?text=Beef
Cream,MDH,1L,https://via.placeholder.com/150?text=Cream
Croissant,Smithfield,2kg,https://via.placeholder.com/150?text=Croissant
Ice Cream,Barilla,Pack,https://via.placeholder.com/150?text=Ice+Cream
Apple,India Gate,Box,https://via.placeholder.com/150?text=Apple
Flour,McCain,1kg,https://via.placeholder.com/150?text=Flour
Rice,Washington,1kg,https://via.placeholder.com/150?text=Rice
Frozen Pizza,Britannia,1L,https://via.placeholder.com/150?text=Frozen+Pizza
Grapes,Maggi,1L,https://via.placeholder.com/150?text=Grapes
Shrimp,Lurpak,Piece,https://via.placeholder.com/150?text=Shrimp
Bread,Monginis,1kg,https://via.placeholder.com/150?text=Bread
Apple,Fortune,Dozen,https://via.placeholder.com/150?text=Apple
Crab,Pillsbury,2kg,https://via.placeholder.com/150?text=Crab
Milk,Maggi,Box,https://via.placeholder.com/150?text=Milk
Tea,Lays,1kg,https://via.placeholder.com/150?text=Tea
Cream,Danone,1kg,https://via.placeholder.com/150?text=Cream
Salmon,Hostess,2kg,https://via.placeholder.com/150?text=Salmon
Ice Cream,Haldiram,Dozen,https://via.placeholder.com/150?text=Ice+Cream
Onion,Safal,Box,https://via.placeholder.com/150?text=Onion
Frozen Fries,Amul,250ml,https://via.placeholder.com/150?text=Frozen+Fries
Frozen Pizza,Nestle,Box,https://via.placeholder.com/150?text=Frozen+Pizza
Coffee,Del Monte,500ml,https://via.placeholder.com/150?text=Coffee
Coffee,Starbucks,1kg,https://via.placeholder.com/150?text=Coffee
Potato,Häagen-Dazs,Pack,https://via.placeholder.com/150?text=Potato
Salt,Maine Lobster,250ml,https://via.placeholder.com/150?text=Salt
Onion,Act II,Pack,https://via.placeholder.com/150?text=Onion
Cheese,Oreo,1kg,https://via.placeholder.com/150?text=Cheese
Cookies,Parle,Piece,https://via.placeholder.com/150?text=Cookies
Croissant,Haldiram,Pack,https://via.placeholder.com/150?text=Croissant
Bread,Galaxy,Pack,https://via.placeholder.com/150?text=Bread
Grapes,Haldiram,500ml,https://via.placeholder.com/150?text=Grapes
Popcorn,Monginis,1kg,https://via.placeholder.com/150?text=Popcorn
Frozen Berries,Domino,500ml,https://via.placeholder.com/150?text=Frozen+Berries
Juice,Washington,1kg,https://via.placeholder.com/150?text=Juice
Croissant,Amul,500g,https://via.placeholder.com/150?text=Croissant
Butter,La Boulangerie,Box,https://via.placeholder.com/150?text=Butter
Tea,Monginis,250ml,https://via.placeholder.com/150?text=Tea
Cookies,Alphonso,Piece,https://via.placeholder.com/150?text=Cookies
Frozen Fries,La Boulangerie,1L,https://via.placeholder.com/150?text=Frozen+Fries
Cheese,Galaxy,1L,https://via.placeholder.com/150?text=Cheese
Cream,Hostess,Dozen,https://via.placeholder.com/150?text=Cream
Shrimp,Coca-Cola,500ml,https://via.placeholder.com/150?text=Shrimp
Muffin,India Gate,500g,https://via.placeholder.com/150?text=Muffin
Chips,Lays,Piece,https://via.placeholder.com/150?text=Chips
Tuna,Smithfield,2kg,https://via.placeholder.com/150?text=Tuna
Butter,Sunkist,Box,https://via.placeholder.com/150?text=Butter
Sugar,Barilla,Piece,https://via.placeholder.com/150?text=Sugar
Cookies,Britannia,2kg,https://via.placeholder.com/150?text=Cookies
Salt,GreenLeaf,Pack,https://via.placeholder.com/150?text=Salt
Cheese,India Gate,Dozen,https://via.placeholder.com/150?text=Cheese
Yogurt,Maine Lobster,500ml,https://via.placeholder.com/150?text=Yogurt
Bread,India Gate,250ml,https://via.placeholder.com/150?text=Bread
Banana,Monginis,1kg,https://via.placeholder.com/150?text=Banana
Cake,Amul,Box,https://via.placeholder.com/150?text=Cake
Cake,Britannia,Dozen,https://via.placeholder.com/150?text=Cake
Cheese,Bisleri,Dozen,https://via.placeholder.com/150?text=Cheese
Rice,Lays,Dozen,https://via.placeholder.com/150?text=Rice
Onion,Nature Fresh,Box,https://via.placeholder.com/150?text=Onion
Cheese,Butterball,2kg,https://via.placeholder.com/150?text=Cheese
Frozen Peas,Butterball,500g,https://via.placeholder.com/150?text=Frozen+Peas
Bagel,Lurpak,500ml,https://via.placeholder.com/150?text=Bagel
Grapes,Pepsi,500g,https://via.placeholder.com/150?text=Grapes
Ice Cream,Butterball,Box,https://via.placeholder.com/150?text=Ice+Cream
Yogurt,Butterball,500g,https://via.placeholder.com/150?text=Yogurt
Orange,Parle,Piece,https://via.placeholder.com/150?text=Orange
Juice,Kellogg’s,500ml,https://via.placeholder.com/150?text=Juice
Orange,Maine Lobster,Dozen,https://via.placeholder.com/150?text=Orange
Coffee,Lays,Dozen,https://via.placeholder.com/150?text=Coffee
Frozen Pizza,Coca-Cola,Pack,https://via.placeholder.com/150?text=Frozen+Pizza
Butter,Lipton,Dozen,https://via.placeholder.com/150?text=Butter
Yogurt,Haldiram,Pack,https://via.placeholder.com/150?text=Yogurt
Orange,Maine Lobster,Dozen,https://via.placeholder.com/150?text=Orange
Pork,Nestle,250ml,https://via.placeholder.com/150?text=Pork
Rice,La Boulangerie,Pack,https://via.placeholder.com/150?text=Rice
Salmon,Häagen-Dazs,1kg,https://via.placeholder.com/150?text=Salmon
Coffee,Starbucks,Dozen,https://via.placeholder.com/150?text=Coffee
Soda,La Boulangerie,250ml,https://via.placeholder.com/150?text=Soda
Orange,GreenLeaf,2kg,https://via.placeholder.com/150?text=Orange
Sugar,Coca-Cola,500ml,https://via.placeholder.com/150?text=Sugar
Potato,Hostess,250ml,https://via.placeholder.com/150?text=Potato
Crackers,Act II,Box,https://via.placeholder.com/150?text=Crackers
Potato,Nature Fresh,2kg,https://via.placeholder.com/150?text=Potato
Coffee,Lipton,500g,https://via.placeholder.com/150?text=Coffee
Muffin,Washington,Box,https://via.placeholder.com/150?text=Muffin
Butter,McCain,500ml,https://via.placeholder.com/150?text=Butter
Pasta,Wonder,Dozen,https://via.placeholder.com/150?text=Pasta
Onion,Fortune,Box,https://via.placeholder.com/150?text=Onion
Frozen Fries,Fortune,500ml,https://via.placeholder.com/150?text=Frozen+Fries
Cookies,Tyson,Piece,https://via.placeholder.com/150?text=Cookies
Milk,MDH,250ml,https://via.placeholder.com/150?text=Milk
Muffin,Tyson,Pack,https://via.placeholder.com/150?text=Muffin
Frozen Pizza,Sunkist,1L,https://via.placeholder.com/150?text=Frozen+Pizza
Frozen Fries,Act II,Box,https://via.placeholder.com/150?text=Frozen+Fries
Croissant,Cadbury,2kg,https://via.placeholder.com/150?text=Croissant
Frozen Pizza,Parle,1L,https://via.placeholder.com/150?text=Frozen+Pizza
Mango,La Boulangerie,250ml,https://via.placeholder.com/150?text=Mango
Mango,Alphonso,Piece,https://via.placeholder.com/150?text=Mango
Crackers,GreenLeaf,Pack,https://via.placeholder.com/150?text=Crackers
Rice,Dole,250ml,https://via.placeholder.com/150?text=Rice
Frozen Peas,MDH,1L,https://via.placeholder.com/150?text=Frozen+Peas
Rice,Alphonso,1kg,https://via.placeholder.com/150?text=Rice
Grapes,John West,2kg,https://via.placeholder.com/150?text=Grapes
Turkey,Nescafe,500g,https://via.placeholder.com/150?text=Turkey
Nuts,Tyson,1L,https://via.placeholder.com/150?text=Nuts
Soda,Safal,Piece,https://via.placeholder.com/150?text=Soda
Chips,Britannia,1L,https://via.placeholder.com/150?text=Chips
Milk,Wonder,1kg,https://via.placeholder.com/150?text=Milk
Frozen Peas,Safal,1L,https://via.placeholder.com/150?text=Frozen+Peas
Spinach,Coca-Cola,500g,https://via.placeholder.com/150?text=Spinach
Tomato,Kellogg’s,Box,https://via.placeholder.com/150?text=Tomato
Pasta,Alphonso,250ml,https://via.placeholder.com/150?text=Pasta
Spinach,Tyson,500ml,https://via.placeholder.com/150?text=Spinach
Cookies,Hostess,1kg,https://via.placeholder.com/150?text=Cookies
Turkey,Amul,Pack,https://via.placeholder.com/150?text=Turkey
Milk,MDH,500g,https://via.placeholder.com/150?text=Milk
Cheese,Nature Fresh,250ml,https://via.placeholder.com/150?text=Cheese
Crab,Washington,1L,https://via.placeholder.com/150?text=Crab
Butter,Tropicana,2kg,https://via.placeholder.com/150?text=Butter
Butter,Nature Fresh,Pack,https://via.placeholder.com/150?text=Butter
Pasta,Domino,500g,https://via.placeholder.com/150?text=Pasta
Carrot,Parle,Pack,https://via.placeholder.com/150?text=Carrot
Beef,Monginis,500g,https://via.placeholder.com/150?text=Beef
Frozen Pizza,Cadbury,Piece,https://via.placeholder.com/150?text=Frozen+Pizza
Cake,Kellogg’s,Piece,https://via.placeholder.com/150?text=Cake
Chips,Fresca,Pack,https://via.placeholder.com/150?text=Chips
Lamb,India Gate,1L,https://via.placeholder.com/150?text=Lamb
Coffee,Nature Fresh,2kg,https://via.placeholder.com/150?text=Coffee
Frozen Peas,Wonder,2kg,https://via.placeholder.com/150?text=Frozen+Peas
Beef,Barilla,500ml,https://via.placeholder.com/150?text=Beef
Chicken,Galaxy,1L,https://via.placeholder.com/150?text=Chicken
Muffin,Washington,500g,https://via.placeholder.com/150?text=Muffin
Chips,McCain,Dozen,https://via.placeholder.com/150?text=Chips
Cookies,Amul,Piece,https://via.placeholder.com/150?text=Cookies
Pork,Sunkist,Dozen,https://via.placeholder.com/150?text=Pork
Frozen Peas,Sunkist,500g,https://via.placeholder.com/150?text=Frozen+Peas
Frozen Pizza,Washington,Pack,https://via.placeholder.com/150?text=Frozen+Pizza
Frozen Peas,Monginis,500g,https://via.placeholder.com/150?text=Frozen+Peas
Mango,Alphonso,Box,https://via.placeholder.com/150?text=Mango
Nuts,Domino,Pack,https://via.placeholder.com/150?text=Nuts
Turkey,Sunkist,1L,https://via.placeholder.com/150?text=Turkey
Muffin,Butterball,500ml,https://via.placeholder.com/150?text=Muffin
Cookies,Nestle,500g,https://via.placeholder.com/150?text=Cookies
Tuna,Danone,Pack,https://via.placeholder.com/150?text=Tuna
Rice,Safal,500g,https://via.placeholder.com/150?text=Rice
Shrimp,Amul,Piece,https://via.placeholder.com/150?text=Shrimp
Sugar,Nature Fresh,Pack,https://via.placeholder.com/150?text=Sugar
Croissant,Tropicana,Pack,https://via.placeholder.com/150?text=Croissant
Tea,Nescafe,2kg,https://via.placeholder.com/150?text=Tea
Tomato,Britannia,1L,https://via.placeholder.com/150?text=Tomato
Salmon,Act II,500ml,https://via.placeholder.com/150?text=Salmon
Croissant,Del Monte,1kg,https://via.placeholder.com/150?text=Croissant
Juice,Kellogg’s,1kg,https://via.placeholder.com/150?text=Juice
Lamb,Häagen-Dazs,Dozen,https://via.placeholder.com/150?text=Lamb
Ice Cream,Britannia,1kg,https://via.placeholder.com/150?text=Ice+Cream
Coffee,Nescafe,Box,https://via.placeholder.com/150?text=Coffee
Salt,Lipton,Pack,https://via.placeholder.com/150?text=Salt
Bagel,Haldiram,1kg,https://via.placeholder.com/150?text=Bagel
Lamb,Lipton,1kg,https://via.placeholder.com/150?text=Lamb
Apple,Pillsbury,Box,https://via.placeholder.com/150?text=Apple
Coffee,Pepsi,2kg,https://via.placeholder.com/150?text=Coffee
Frozen Pizza,Cadbury,Dozen,https://via.placeholder.com/150?text=Frozen+Pizza
Coffee,Maine Lobster,500ml,https://via.placeholder.com/150?text=Coffee
Spinach,Britannia,2kg,https://via.placeholder.com/150?text=Spinach
Juice,Amul,Dozen,https://via.placeholder.com/150?text=Juice
Juice,Fresca,2kg,https://via.placeholder.com/150?text=Juice
Lobster,Britannia,2kg,https://via.placeholder.com/150?text=Lobster
Orange,Haldiram,2kg,https://via.placeholder.com/150?text=Orange
Ice Cream,Nescafe,Piece,https://via.placeholder.com/150?text=Ice+Cream
Rice,Alphonso,500ml,https://via.placeholder.com/150?text=Rice
Cookies,Haldiram,Pack,https://via.placeholder.com/150?text=Cookies
Salt,Britannia,Pack,https://via.placeholder.com/150?text=Salt
Cheese,Safal,500g,https://via.placeholder.com/150?text=Cheese
Frozen Pizza,Domino,1kg,https://via.placeholder.com/150?text=Frozen+Pizza
Milk,Danone,250ml,https://via.placeholder.com/150?text=Milk
Beef,Monginis,Box,https://via.placeholder.com/150?text=Beef
Flour,Lurpak,Pack,https://via.placeholder.com/150?text=Flour
Carrot,John West,250ml,https://via.placeholder.com/150?text=Carrot
Frozen Peas,John West,Piece,https://via.placeholder.com/150?text=Frozen+Peas
Onion,Starbucks,1L,https://via.placeholder.com/150?text=Onion
Salt,India Gate,Box,https://via.placeholder.com/150?text=Salt
Cookies,Butterball,Pack,https://via.placeholder.com/150?text=Cookies
Juice,Oreo,Box,https://via.placeholder.com/150?text=Juice
Rice,Sunkist,2kg,https://via.placeholder.com/150?text=Rice
Frozen Pizza,Smithfield,Box,https://via.placeholder.com/150?text=Frozen+Pizza
Rice,Coca-Cola,500ml,https://via.placeholder.com/150?text=Rice
Cream,Maine Lobster,500g,https://via.placeholder.com/150?text=Cream
Potato,Lurpak,Pack,https://via.placeholder.com/150?text=Potato
Carrot,Pillsbury,Pack,https://via.placeholder.com/150?text=Carrot
Milk,Maine Lobster,500g,https://via.placeholder.com/150?text=Milk
Cake,GreenLeaf,250ml,https://via.placeholder.com/150?text=Cake
Tea,Nescafe,Box,https://via.placeholder.com/150?text=Tea
Butter,Act II,1L,https://via.placeholder.com/150?text=Butter
Croissant,Thomas,2kg,https://via.placeholder.com/150?text=Croissant
Mango,Parle,1kg,https://via.placeholder.com/150?text=Mango
Beef,Smithfield,2kg,https://via.placeholder.com/150?text=Beef
Popcorn,McCain,Box,https://via.placeholder.com/150?text=Popcorn
Cookies,Lipton,Pack,https://via.placeholder.com/150?text=Cookies
Frozen Berries,Tropicana,Box,https://via.placeholder.com/150?text=Frozen+Berries
Tuna,Galaxy,Box,https://via.placeholder.com/150?text=Tuna
Crackers,Galaxy,500ml,https://via.placeholder.com/150?text=Crackers
Salt,Lurpak,Box,https://via.placeholder.com/150?text=Salt
Lobster,Thomas,500g,https://via.placeholder.com/150?text=Lobster
Cream,Starbucks,500ml,https://via.placeholder.com/150?text=Cream
Shrimp,Tropicana,250ml,https://via.placeholder.com/150?text=Shrimp
Frozen Fries,India Gate,2kg,https://via.placeholder.com/150?text=Frozen+Fries
Soda,Oreo,2kg,https://via.placeholder.com/150?text=Soda
Pork,Barilla,500ml,https://via.placeholder.com/150?text=Pork
Soda,Lays,Box,https://via.placeholder.com/150?text=Soda
Carrot,Nescafe,Piece,https://via.placeholder.com/150?text=Carrot
Carrot,Butterball,Piece,https://via.placeholder.com/150?text=Carrot
Frozen Peas,Cadbury,250ml,https://via.placeholder.com/150?text=Frozen+Peas
Muffin,Monginis,Dozen,https://via.placeholder.com/150?text=Muffin
Pasta,Nestle,500g,https://via.placeholder.com/150?text=Pasta
Flour,Alphonso,Pack,https://via.placeholder.com/150?text=Flour
Milk,Galaxy,2kg,https://via.placeholder.com/150?text=Milk
Bread,Safal,500g,https://via.placeholder.com/150?text=Bread
Crackers,Maggi,Pack,https://via.placeholder.com/150?text=Crackers
Tuna,Haldiram,500ml,https://via.placeholder.com/150?text=Tuna
Crackers,Maine Lobster,Box,https://via.placeholder.com/150?text=Crackers
Crackers,McCain,1L,https://via.placeholder.com/150?text=Crackers
Crab,Monginis,2kg,https://via.placeholder.com/150?text=Crab
Croissant,Danone,Box,https://via.placeholder.com/150?text=Croissant
Crackers,Oreo,2kg,https://via.placeholder.com/150?text=Crackers
Chicken,Amul,Pack,https://via.placeholder.com/150?text=Chicken
Milk,Nature Fresh,Pack,https://via.placeholder.com/150?text=Milk
Soda,Nestle,Piece,https://via.placeholder.com/150?text=Soda
Muffin,India Gate,Piece,https://via.placeholder.com/150?text=Muffin
Frozen Pizza,Sunkist,500g,https://via.placeholder.com/150?text=Frozen+Pizza
Beef,Pepsi,Pack,https://via.placeholder.com/150?text=Beef
Mango,Safal,1kg,https://via.placeholder.com/150?text=Mango
Popcorn,Kellogg’s,1kg,https://via.placeholder.com/150?text=Popcorn
Salmon,Hostess,Dozen,https://via.placeholder.com/150?text=Salmon
Bagel,Cadbury,1L,https://via.placeholder.com/150?text=Bagel
Butter,Hostess,Dozen,https://via.placeholder.com/150?text=Butter
Butter,Lipton,500g,https://via.placeholder.com/150?text=Butter
Onion,Pillsbury,2kg,https://via.placeholder.com/150?text=Onion
Frozen Peas,Domino,Dozen,https://via.placeholder.com/150?text=Frozen+Peas
Croissant,Sunkist,Pack,https://via.placeholder.com/150?text=Croissant
Beef,Amul,500g,https://via.placeholder.com/150?text=Beef
Nuts,Lays,1L,https://via.placeholder.com/150?text=Nuts
Frozen Berries,Amul,1L,https://via.placeholder.com/150?text=Frozen+Berries
Turkey,Barilla,1kg,https://via.placeholder.com/150?text=Turkey
Onion,La Boulangerie,1L,https://via.placeholder.com/150?text=Onion
Yogurt,Parle,250ml,https://via.placeholder.com/150?text=Yogurt
Cookies,La Boulangerie,500g,https://via.placeholder.com/150?text=Cookies
Lobster,Tropicana,250ml,https://via.placeholder.com/150?text=Lobster
Turkey,McCain,Pack,https://via.placeholder.com/150?text=Turkey
Banana,Starbucks,1L,https://via.placeholder.com/150?text=Banana
Salmon,Alphonso,1L,https://via.placeholder.com/150?text=Salmon
Butter,Haldiram,Dozen,https://via.placeholder.com/150?text=Butter
Salt,Hostess,Pack,https://via.placeholder.com/150?text=Salt
Croissant,Maine Lobster,2kg,https://via.placeholder.com/150?text=Croissant
Milk,Alphonso,250ml,https://via.placeholder.com/150?text=Milk
Juice,Haldiram,Dozen,https://via.placeholder.com/150?text=Juice
Pork,Safal,2kg,https://via.placeholder.com/150?text=Pork
Banana,Domino,2kg,https://via.placeholder.com/150?text=Banana
Potato,Danone,500ml,https://via.placeholder.com/150?text=Potato
Frozen Fries,Act II,2kg,https://via.placeholder.com/150?text=Frozen+Fries
Salt,Kellogg’s,250ml,https://via.placeholder.com/150?text=Salt
Bread,Bisleri,500g,https://via.placeholder.com/150?text=Bread
Pasta,Act II,250ml,https://via.placeholder.com/150?text=Pasta
Lamb,Cadbury,500ml,https://via.placeholder.com/150?text=Lamb
Muffin,Lurpak,500ml,https://via.placeholder.com/150?text=Muffin
Carrot,Safal,250ml,https://via.placeholder.com/150?text=Carrot
Apple,Parle,Pack,https://via.placeholder.com/150?text=Apple
Yogurt,Fortune,1L,https://via.placeholder.com/150?text=Yogurt
Mango,Thomas,Pack,https://via.placeholder.com/150?text=Mango
Carrot,McCain,Pack,https://via.placeholder.com/150?text=Carrot
Nuts,Fortune,1L,https://via.placeholder.com/150?text=Nuts
Shrimp,Britannia,500ml,https://via.placeholder.com/150?text=Shrimp
Grapes,Danone,1L,https://via.placeholder.com/150?text=Grapes
Beef,Fresca,2kg,https://via.placeholder.com/150?text=Beef
Cake,Hostess,Dozen,https://via.placeholder.com/150?text=Cake
Cookies,Wonder,500g,https://via.placeholder.com/150?text=Cookies
Grapes,Coca-Cola,250ml,https://via.placeholder.com/150?text=Grapes
Frozen Berries,Danone,Piece,https://via.placeholder.com/150?text=Frozen+Berries
Grapes,Lays,1L,https://via.placeholder.com/150?text=Grapes
Frozen Peas,Butterball,500g,https://via.placeholder.com/150?text=Frozen+Peas
Mango,La Boulangerie,Dozen,https://via.placeholder.com/150?text=Mango
Pork,La Boulangerie,Piece,https://via.placeholder.com/150?text=Pork
Lamb,Wonder,Piece,https://via.placeholder.com/150?text=Lamb
Chicken,Nescafe,2kg,https://via.placeholder.com/150?text=Chicken
Yogurt,Fortune,1kg,https://via.placeholder.com/150?text=Yogurt
Turkey,Nature Fresh,500g,https://via.placeholder.com/150?text=Turkey
Lobster,Amul,2kg,https://via.placeholder.com/150?text=Lobster
Juice,Nature Fresh,Box,https://via.placeholder.com/150?text=Juice
Croissant,Fresca,Piece,https://via.placeholder.com/150?text=Croissant
Ice Cream,Pepsi,Box,https://via.placeholder.com/150?text=Ice+Cream
Popcorn,Safal,1kg,https://via.placeholder.com/150?text=Popcorn
Cake,Nature Fresh,1kg,https://via.placeholder.com/150?text=Cake
Pasta,Danone,Dozen,https://via.placeholder.com/150?text=Pasta
Bread,Fortune,500g,https://via.placeholder.com/150?text=Bread
Lobster,Act II,500ml,https://via.placeholder.com/150?text=Lobster
Mango,Monginis,Piece,https://via.placeholder.com/150?text=Mango
Chips,MDH,250ml,https://via.placeholder.com/150?text=Chips
Apple,MDH,Piece,https://via.placeholder.com/150?text=Apple
Beef,Tyson,250ml,https://via.placeholder.com/150?text=Beef
Rice,Lipton,Box,https://via.placeholder.com/150?text=Rice
Potato,Lurpak,Pack,https://via.placeholder.com/150?text=Potato
Mango,Maine Lobster,1L,https://via.placeholder.com/150?text=Mango
Bread,Domino,500ml,https://via.placeholder.com/150?text=Bread
Croissant,Lays,Pack,https://via.placeholder.com/150?text=Croissant
Nuts,Danone,2kg,https://via.placeholder.com/150?text=Nuts
Shrimp,Nestle,1L,https://via.placeholder.com/150?text=Shrimp
Ice Cream,Maggi,500g,https://via.placeholder.com/150?text=Ice+Cream
Salt,Washington,Dozen,https://via.placeholder.com/150?text=Salt
Banana,GreenLeaf,Box,https://via.placeholder.com/150?text=Banana
Spinach,Act II,500ml,https://via.placeholder.com/150?text=Spinach
Cheese,Safal,500ml,https://via.placeholder.com/150?text=Cheese
Carrot,Oreo,Dozen,https://via.placeholder.com/150?text=Carrot
Bread,Butterball,500ml,https://via.placeholder.com/150?text=Bread
Milk,Kellogg’s,500g,https://via.placeholder.com/150?text=Milk
Milk,Pillsbury,Piece,https://via.placeholder.com/150?text=Milk
Water,Nature Fresh,Pack,https://via.placeholder.com/150?text=Water
Potato,Galaxy,500g,https://via.placeholder.com/150?text=Potato
Milk,Häagen-Dazs,1kg,https://via.placeholder.com/150?text=Milk
Popcorn,Wonder,1L,https://via.placeholder.com/150?text=Popcorn
Crackers,Pepsi,Piece,https://via.placeholder.com/150?text=Crackers
Potato,Haldiram,2kg,https://via.placeholder.com/150?text=Potato
Nuts,Safal,2kg,https://via.placeholder.com/150?text=Nuts
Shrimp,Lays,500g,https://via.placeholder.com/150?text=Shrimp
Spinach,Britannia,2kg,https://via.placeholder.com/150?text=Spinach
Cookies,Bisleri,Piece,https://via.placeholder.com/150?text=Cookies
Cream,La Boulangerie,Piece,https://via.placeholder.com/150?text=Cream
Tuna,Parle,250ml,https://via.placeholder.com/150?text=Tuna
Muffin,Del Monte,1kg,https://via.placeholder.com/150?text=Muffin
Turkey,Coca-Cola,Dozen,https://via.placeholder.com/150?text=Turkey
Butter,Cadbury,1kg,https://via.placeholder.com/150?text=Butter
Frozen Pizza,Lurpak,Box,https://via.placeholder.com/150?text=Frozen+Pizza
Tea,India Gate,1kg,https://via.placeholder.com/150?text=Tea
Chicken,Nature Fresh,Dozen,https://via.placeholder.com/150?text=Chicken
Lamb,Barilla,Box,https://via.placeholder.com/150?text=Lamb
Muffin,Maggi,500g,https://via.placeholder.com/150?text=Muffin
Juice,Oreo,500ml,https://via.placeholder.com/150?text=Juice
Bagel,Danone,500g,https://via.placeholder.com/150?text=Bagel
Shrimp,Cadbury,Piece,https://via.placeholder.com/150?text=Shrimp
Turkey,Tyson,1kg,https://via.placeholder.com/150?text=Turkey
Cookies,Tropicana,1kg,https://via.placeholder.com/150?text=Cookies
Lamb,Washington,500g,https://via.placeholder.com/150?text=Lamb
Butter,Häagen-Dazs,2kg,https://via.placeholder.com/150?text=Butter
Tea,Del Monte,1kg,https://via.placeholder.com/150?text=Tea
Muffin,Sunkist,Pack,https://via.placeholder.com/150?text=Muffin
Onion,Cadbury,500g,https://via.placeholder.com/150?text=Onion
Beef,La Boulangerie,500g,https://via.placeholder.com/150?text=Beef
Shrimp,Lurpak,500g,https://via.placeholder.com/150?text=Shrimp
Popcorn,John West,500g,https://via.placeholder.com/150?text=Popcorn
Pasta,Pepsi,1kg,https://via.placeholder.com/150?text=Pasta
Tomato,Maggi,500g,https://via.placeholder.com/150?text=Tomato
Bread,Washington,500ml,https://via.placeholder.com/150?text=Bread
Potato,Cadbury,1L,https://via.placeholder.com/150?text=Potato
Bread,Washington,1kg,https://via.placeholder.com/150?text=Bread
Cake,Pepsi,Box,https://via.placeholder.com/150?text=Cake
Croissant,Tropicana,Piece,https://via.placeholder.com/150?text=Croissant
Bread,Maggi,Dozen,https://via.placeholder.com/150?text=Bread
Pork,Lurpak,Piece,https://via.placeholder.com/150?text=Pork
Shrimp,Nescafe,Dozen,https://via.placeholder.com/150?text=Shrimp
Popcorn,Sunkist,Pack,https://via.placeholder.com/150?text=Popcorn
Cake,Tyson,1kg,https://via.placeholder.com/150?text=Cake
Frozen Pizza,John West,500ml,https://via.placeholder.com/150?text=Frozen+Pizza
Frozen Peas,Bisleri,Pack,https://via.placeholder.com/150?text=Frozen+Peas
Beef,Danone,2kg,https://via.placeholder.com/150?text=Beef
Mango,Kellogg’s,500ml,https://via.placeholder.com/150?text=Mango
Coffee,Nestle,500g,https://via.placeholder.com/150?text=Coffee
Salmon,La Boulangerie,Piece,https://via.placeholder.com/150?text=Salmon
Apple,Parle,Box,https://via.placeholder.com/150?text=Apple
Carrot,Lurpak,500ml,https://via.placeholder.com/150?text=Carrot
Yogurt,Kellogg’s,2kg,https://via.placeholder.com/150?text=Yogurt
Coffee,Starbucks,250ml,https://via.placeholder.com/150?text=Coffee
Banana,MDH,Pack,https://via.placeholder.com/150?text=Banana
Turkey,Smithfield,1L,https://via.placeholder.com/150?text=Turkey
Crackers,Fresca,Pack,https://via.placeholder.com/150?text=Crackers
Tuna,Nescafe,1kg,https://via.placeholder.com/150?text=Tuna
Yogurt,Nestle,Box,https://via.placeholder.com/150?text=Yogurt
Cake,Tropicana,500ml,https://via.placeholder.com/150?text=Cake
Bread,Fresca,Piece,https://via.placeholder.com/150?text=Bread
Tea,Domino,250ml,https://via.placeholder.com/150?text=Tea
Shrimp,Haldiram,1L,https://via.placeholder.com/150?text=Shrimp
Frozen Berries,Maggi,500ml,https://via.placeholder.com/150?text=Frozen+Berries
Onion,Domino,Pack,https://via.placeholder.com/150?text=Onion
Cheese,Washington,500ml,https://via.placeholder.com/150?text=Cheese
Cookies,Domino,Pack,https://via.placeholder.com/150?text=Cookies
Croissant,Barilla,1L,https://via.placeholder.com/150?text=Croissant
Orange,John West,Piece,https://via.placeholder.com/150?text=Orange
Butter,MDH,1kg,https://via.placeholder.com/150?text=Butter
Frozen Pizza,Thomas,1kg,https://via.placeholder.com/150?text=Frozen+Pizza
Onion,Lurpak,500g,https://via.placeholder.com/150?text=Onion
Chips,Lays,Piece,https://via.placeholder.com/150?text=Chips
Salt,Act II,500g,https://via.placeholder.com/150?text=Salt
Frozen Pizza,Galaxy,Box,https://via.placeholder.com/150?text=Frozen+Pizza
Sugar,Sunkist,Pack,https://via.placeholder.com/150?text=Sugar
Orange,Washington,2kg,https://via.placeholder.com/150?text=Orange
Potato,Lurpak,Box,https://via.placeholder.com/150?text=Potato
Lobster,Lipton,2kg,https://via.placeholder.com/150?text=Lobster
Orange,Sunkist,1L,https://via.placeholder.com/150?text=Orange
Potato,Domino,2kg,https://via.placeholder.com/150?text=Potato
Orange,Nature Fresh,500g,https://via.placeholder.com/150?text=Orange
Salt,Parle,500ml,https://via.placeholder.com/150?text=Salt
Orange,McCain,1kg,https://via.placeholder.com/150?text=Orange
Frozen Berries,Nestle,250ml,https://via.placeholder.com/150?text=Frozen+Berries
Crab,Coca-Cola,Piece,https://via.placeholder.com/150?text=Crab
Frozen Berries,Pepsi,500ml,https://via.placeholder.com/150?text=Frozen+Berries
Orange,Domino,1L,https://via.placeholder.com/150?text=Orange
Onion,Monginis,Pack,https://via.placeholder.com/150?text=Onion
Popcorn,John West,Piece,https://via.placeholder.com/150?text=Popcorn
Frozen Fries,Domino,1L,https://via.placeholder.com/150?text=Frozen+Fries
Frozen Berries,Act II,1kg,https://via.placeholder.com/150?text=Frozen+Berries
Cream,Parle,500ml,https://via.placeholder.com/150?text=Cream
Shrimp,Domino,2kg,https://via.placeholder.com/150?text=Shrimp
Water,Fresca,Box,https://via.placeholder.com/150?text=Water
Potato,Nescafe,Pack,https://via.placeholder.com/150?text=Potato
Apple,Pillsbury,Piece,https://via.placeholder.com/150?text=Apple
Pasta,La Boulangerie,250ml,https://via.placeholder.com/150?text=Pasta
Sugar,Starbucks,500ml,https://via.placeholder.com/150?text=Sugar
Lobster,Fresca,1kg,https://via.placeholder.com/150?text=Lobster
Coffee,India Gate,500g,https://via.placeholder.com/150?text=Coffee
Yogurt,Lurpak,1kg,https://via.placeholder.com/150?text=Yogurt
Lobster,Dole,1kg,https://via.placeholder.com/150?text=Lobster
Soda,Starbucks,1L,https://via.placeholder.com/150?text=Soda
Tomato,Maine Lobster,500ml,https://via.placeholder.com/150?text=Tomato
Bagel,Kellogg’s,Pack,https://via.placeholder.com/150?text=Bagel
Bread,Monginis,Box,https://via.placeholder.com/150?text=Bread
Bagel,Britannia,1kg,https://via.placeholder.com/150?text=Bagel
Spinach,Maine Lobster,500g,https://via.placeholder.com/150?text=Spinach
Orange,Starbucks,2kg,https://via.placeholder.com/150?text=Orange
Butter,Fresca,1L,https://via.placeholder.com/150?text=Butter
Spinach,Thomas,Dozen,https://via.placeholder.com/150?text=Spinach
Salt,Barilla,500g,https://via.placeholder.com/150?text=Salt
Cookies,Kellogg’s,Pack,https://via.placeholder.com/150?text=Cookies
Bread,Smithfield,500ml,https://via.placeholder.com/150?text=Bread
Bread,MDH,Dozen,https://via.placeholder.com/150?text=Bread
Lamb,McCain,500g,https://via.placeholder.com/150?text=Lamb
Juice,Lipton,500ml,https://via.placeholder.com/150?text=Juice
Cream,Act II,1kg,https://via.placeholder.com/150?text=Cream
Coffee,Sunkist,2kg,https://via.placeholder.com/150?text=Coffee
Ice Cream,Del Monte,Pack,https://via.placeholder.com/150?text=Ice+Cream
Salmon,MDH,Pack,https://via.placeholder.com/150?text=Salmon
Pasta,Fortune,Pack,https://via.placeholder.com/150?text=Pasta
Orange,Smithfield,1L,https://via.placeholder.com/150?text=Orange
Muffin,Cadbury,2kg,https://via.placeholder.com/150?text=Muffin
Salt,Coca-Cola,1kg,https://via.placeholder.com/150?text=Salt
Butter,McCain,500ml,https://via.placeholder.com/150?text=Butter
Pork,Lipton,Box,https://via.placeholder.com/150?text=Pork
Carrot,Tyson,2kg,https://via.placeholder.com/150?text=Carrot
Pork,Alphonso,Dozen,https://via.placeholder.com/150?text=Pork
Crab,Thomas,1L,https://via.placeholder.com/150?text=Crab
Pasta,Lays,1kg,https://via.placeholder.com/150?text=Pasta
Sugar,Kellogg’s,500ml,https://via.placeholder.com/150?text=Sugar
Grapes,Cadbury,Piece,https://via.placeholder.com/150?text=Grapes
Potato,Amul,1L,https://via.placeholder.com/150?text=Potato
Sugar,GreenLeaf,500g,https://via.placeholder.com/150?text=Sugar
Croissant,Maine Lobster,Box,https://via.placeholder.com/150?text=Croissant
Chips,McCain,Piece,https://via.placeholder.com/150?text=Chips
Tuna,Lurpak,Pack,https://via.placeholder.com/150?text=Tuna
Mango,Act II,500ml,https://via.placeholder.com/150?text=Mango
Orange,La Boulangerie,1kg,https://via.placeholder.com/150?text=Orange
Salt,Pillsbury,1kg,https://via.placeholder.com/150?text=Salt
Bagel,Domino,Box,https://via.placeholder.com/150?text=Bagel
Onion,Kellogg’s,1kg,https://via.placeholder.com/150?text=Onion
Pork,Alphonso,Pack,https://via.placeholder.com/150?text=Pork
Rice,Britannia,2kg,https://via.placeholder.com/150?text=Rice
Bread,Wonder,500g,https://via.placeholder.com/150?text=Bread
Turkey,Pepsi,Dozen,https://via.placeholder.com/150?text=Turkey
Soda,Britannia,Dozen,https://via.placeholder.com/150?text=Soda
Carrot,Tropicana,2kg,https://via.placeholder.com/150?text=Carrot
Pork,Wonder,Dozen,https://via.placeholder.com/150?text=Pork
Potato,Safal,1L,https://via.placeholder.com/150?text=Potato
Banana,Danone,Box,https://via.placeholder.com/150?text=Banana
Crackers,Del Monte,250ml,https://via.placeholder.com/150?text=Crackers
Ice Cream,Smithfield,1L,https://via.placeholder.com/150?text=Ice+Cream
Ice Cream,Coca-Cola,1kg,https://via.placeholder.com/150?text=Ice+Cream
Crackers,Tropicana,1kg,https://via.placeholder.com/150?text=Crackers
Cookies,Lays,500g,https://via.placeholder.com/150?text=Cookies
Banana,Danone,500ml,https://via.placeholder.com/150?text=Banana
Frozen Pizza,Cadbury,1kg,https://via.placeholder.com/150?text=Frozen+Pizza
Potato,La Boulangerie,500ml,https://via.placeholder.com/150?text=Potato
Frozen Fries,Sunkist,Dozen,https://via.placeholder.com/150?text=Frozen+Fries
Turkey,Maggi,2kg,https://via.placeholder.com/150?text=Turkey
Coffee,La Boulangerie,500g,https://via.placeholder.com/150?text=Coffee
Frozen Fries,McCain,Box,https://via.placeholder.com/150?text=Frozen+Fries
Yogurt,Haldiram,Piece,https://via.placeholder.com/150?text=Yogurt
Water,Kellogg’s,1L,https://via.placeholder.com/150?text=Water
Salmon,Fortune,1kg,https://via.placeholder.com/150?text=Salmon
Salmon,Bisleri,500g,https://via.placeholder.com/150?text=Salmon
Muffin,Thomas,500g,https://via.placeholder.com/150?text=Muffin
Rice,Starbucks,Pack,https://via.placeholder.com/150?text=Rice
Butter,Tropicana,Pack,https://via.placeholder.com/150?text=Butter
Frozen Berries,Coca-Cola,250ml,https://via.placeholder.com/150?text=Frozen+Berries
Popcorn,Pepsi,Dozen,https://via.placeholder.com/150?text=Popcorn
Banana,Nature Fresh,250ml,https://via.placeholder.com/150?text=Banana
Muffin,Amul,Dozen,https://via.placeholder.com/150?text=Muffin
Potato,Maggi,500g,https://via.placeholder.com/150?text=Potato
Ice Cream,La Boulangerie,250ml,https://via.placeholder.com/150?text=Ice+Cream
Frozen Pizza,Pillsbury,500ml,https://via.placeholder.com/150?text=Frozen+Pizza
Soda,India Gate,Dozen,https://via.placeholder.com/150?text=Soda
Cheese,Amul,500ml,https://via.placeholder.com/150?text=Cheese
Tuna,Sunkist,250ml,https://via.placeholder.com/150?text=Tuna
Cake,Nature Fresh,Piece,https://via.placeholder.com/150?text=Cake
Chicken,Tropicana,Dozen,https://via.placeholder.com/150?text=Chicken
Orange,GreenLeaf,1L,https://via.placeholder.com/150?text=Orange
Soda,Sunkist,Box,https://via.placeholder.com/150?text=Soda
Beef,Del Monte,2kg,https://via.placeholder.com/150?text=Beef
Shrimp,Smithfield,Box,https://via.placeholder.com/150?text=Shrimp
Apple,Tyson,Pack,https://via.placeholder.com/150?text=Apple
Carrot,Fortune,250ml,https://via.placeholder.com/150?text=Carrot
Cream,McCain,1kg,https://via.placeholder.com/150?text=Cream
Bagel,Safal,500ml,https://via.placeholder.com/150?text=Bagel
Pasta,Lipton,Dozen,https://via.placeholder.com/150?text=Pasta
Rice,Tyson,Pack,https://via.placeholder.com/150?text=Rice
Salmon,GreenLeaf,Pack,https://via.placeholder.com/150?text=Salmon
Milk,Domino,Pack,https://via.placeholder.com/150?text=Milk
Mango,Häagen-Dazs,500ml,https://via.placeholder.com/150?text=Mango
Shrimp,Washington,500ml,https://via.placeholder.com/150?text=Shrimp
Tomato,Thomas,1L,https://via.placeholder.com/150?text=Tomato
Grapes,Pepsi,Pack,https://via.placeholder.com/150?text=Grapes
Mango,Fortune,2kg,https://via.placeholder.com/150?text=Mango
Frozen Fries,Sunkist,Piece,https://via.placeholder.com/150?text=Frozen+Fries
Muffin,Nestle,1kg,https://via.placeholder.com/150?text=Muffin
Orange,Maggi,Box,https://via.placeholder.com/150?text=Orange
Popcorn,Safal,500g,https://via.placeholder.com/150?text=Popcorn
Potato,Nestle,250ml,https://via.placeholder.com/150?text=Potato
Cheese,Del Monte,500ml,https://via.placeholder.com/150?text=Cheese
Apple,India Gate,250ml,https://via.placeholder.com/150?text=Apple
Beef,Washington,2kg,https://via.placeholder.com/150?text=Beef
Nuts,Thomas,Pack,https://via.placeholder.com/150?text=Nuts
Juice,Barilla,1L,https://via.placeholder.com/150?text=Juice
Nuts,Smithfield,2kg,https://via.placeholder.com/150?text=Nuts
Cream,Oreo,Piece,https://via.placeholder.com/150?text=Cream
Chicken,Pillsbury,Piece,https://via.placeholder.com/150?text=Chicken
Juice,Häagen-Dazs,500ml,https://via.placeholder.com/150?text=Juice
Nuts,Thomas,500ml,https://via.placeholder.com/150?text=Nuts
Rice,Lays,2kg,https://via.placeholder.com/150?text=Rice
Lamb,Pillsbury,Pack,https://via.placeholder.com/150?text=Lamb
Bagel,Lipton,250ml,https://via.placeholder.com/150?text=Bagel
Salmon,La Boulangerie,Dozen,https://via.placeholder.com/150?text=Salmon
Bread,Amul,Box,https://via.placeholder.com/150?text=Bread
Cake,Fortune,2kg,https://via.placeholder.com/150?text=Cake
Tuna,Monginis,Box,https://via.placeholder.com/150?text=Tuna
Croissant,Haldiram,Dozen,https://via.placeholder.com/150?text=Croissant
Cookies,Pepsi,Pack,https://via.placeholder.com/150?text=Cookies
Lamb,La Boulangerie,500g,https://via.placeholder.com/150?text=Lamb
Ice Cream,Nature Fresh,Box,https://via.placeholder.com/150?text=Ice+Cream
Butter,Maggi,Pack,https://via.placeholder.com/150?text=Butter
Chips,Act II,Box,https://via.placeholder.com/150?text=Chips
Onion,Del Monte,1kg,https://via.placeholder.com/150?text=Onion
Yogurt,Safal,Box,https://via.placeholder.com/150?text=Yogurt
Crab,Parle,2kg,https://via.placeholder.com/150?text=Crab
Salmon,Amul,Pack,https://via.placeholder.com/150?text=Salmon
Butter,La Boulangerie,Dozen,https://via.placeholder.com/150?text=Butter
Bread,Kellogg’s,Piece,https://via.placeholder.com/150?text=Bread
Apple,Kellogg’s,Piece,https://via.placeholder.com/150?text=Apple
Orange,Lurpak,1L,https://via.placeholder.com/150?text=Orange
Lobster,Amul,250ml,https://via.placeholder.com/150?text=Lobster
Crackers,Fortune,1kg,https://via.placeholder.com/150?text=Crackers
Muffin,Maine Lobster,1L,https://via.placeholder.com/150?text=Muffin
Juice,Britannia,250ml,https://via.placeholder.com/150?text=Juice
Mango,Haldiram,1kg,https://via.placeholder.com/150?text=Mango
Tuna,Maine Lobster,Piece,https://via.placeholder.com/150?text=Tuna
Sugar,Smithfield,500g,https://via.placeholder.com/150?text=Sugar
Ice Cream,Lipton,1L,https://via.placeholder.com/150?text=Ice+Cream
Yogurt,Nescafe,Box,https://via.placeholder.com/150?text=Yogurt
Lobster,Alphonso,Dozen,https://via.placeholder.com/150?text=Lobster
Potato,Amul,1L,https://via.placeholder.com/150?text=Potato
Coffee,Dole,Piece,https://via.placeholder.com/150?text=Coffee
Lobster,Dole,2kg,https://via.placeholder.com/150?text=Lobster
Pasta,Pillsbury,Pack,https://via.placeholder.com/150?text=Pasta
Spinach,Lays,1kg,https://via.placeholder.com/150?text=Spinach
Cake,Maine Lobster,Dozen,https://via.placeholder.com/150?text=Cake
Flour,La Boulangerie,500g,https://via.placeholder.com/150?text=Flour
Croissant,Oreo,Piece,https://via.placeholder.com/150?text=Croissant
Muffin,Lays,Pack,https://via.placeholder.com/150?text=Muffin
Frozen Fries,Nescafe,500g,https://via.placeholder.com/150?text=Frozen+Fries
Water,Barilla,1L,https://via.placeholder.com/150?text=Water
Frozen Peas,Amul,Piece,https://via.placeholder.com/150?text=Frozen+Peas
Juice,Monginis,Piece,https://via.placeholder.com/150?text=Juice
Soda,Monginis,500g,https://via.placeholder.com/150?text=Soda
Rice,Dole,Piece,https://via.placeholder.com/150?text=Rice
Lobster,Bisleri,Dozen,https://via.placeholder.com/150?text=Lobster
Cream,Fortune,Dozen,https://via.placeholder.com/150?text=Cream
Cookies,Barilla,Box,https://via.placeholder.com/150?text=Cookies
Lobster,Nestle,250ml,https://via.placeholder.com/150?text=Lobster
Water,India Gate,250ml,https://via.placeholder.com/150?text=Water
Potato,Nature Fresh,Dozen,https://via.placeholder.com/150?text=Potato
Soda,Alphonso,Piece,https://via.placeholder.com/150?text=Soda
Muffin,MDH,Box,https://via.placeholder.com/150?text=Muffin
Frozen Fries,Lurpak,Box,https://via.placeholder.com/150?text=Frozen+Fries
Turkey,Coca-Cola,1L,https://via.placeholder.com/150?text=Turkey
Sugar,Sunkist,Pack,https://via.placeholder.com/150?text=Sugar
Orange,Safal,500ml,https://via.placeholder.com/150?text=Orange
Yogurt,Maine Lobster,Dozen,https://via.placeholder.com/150?text=Yogurt
Bread,GreenLeaf,500ml,https://via.placeholder.com/150?text=Bread
Soda,Fortune,Dozen,https://via.placeholder.com/150?text=Soda
Frozen Pizza,Coca-Cola,Box,https://via.placeholder.com/150?text=Frozen+Pizza
Nuts,Maine Lobster,1L,https://via.placeholder.com/150?text=Nuts
Sugar,Bisleri,Dozen,https://via.placeholder.com/150?text=Sugar
Spinach,Fortune,1kg,https://via.placeholder.com/150?text=Spinach
Tomato,Hostess,Piece,https://via.placeholder.com/150?text=Tomato
Lobster,Domino,Pack,https://via.placeholder.com/150?text=Lobster
Spinach,Thomas,250ml,https://via.placeholder.com/150?text=Spinach
Nuts,India Gate,500g,https://via.placeholder.com/150?text=Nuts
Bread,GreenLeaf,500ml,https://via.placeholder.com/150?text=Bread
Onion,Nescafe,1kg,https://via.placeholder.com/150?text=Onion
Shrimp,McCain,Dozen,https://via.placeholder.com/150?text=Shrimp
Pork,MDH,Pack,https://via.placeholder.com/150?text=Pork
Carrot,Del Monte,500g,https://via.placeholder.com/150?text=Carrot
Turkey,Monginis,500ml,https://via.placeholder.com/150?text=Turkey
Carrot,Haldiram,250ml,https://via.placeholder.com/150?text=Carrot
Salt,MDH,500g,https://via.placeholder.com/150?text=Salt
Onion,MDH,250ml,https://via.placeholder.com/150?text=Onion
Tuna,Amul,500ml,https://via.placeholder.com/150?text=Tuna
Chips,Haldiram,Pack,https://via.placeholder.com/150?text=Chips
Shrimp,Pillsbury,Piece,https://via.placeholder.com/150?text=Shrimp
Tea,Maine Lobster,2kg,https://via.placeholder.com/150?text=Tea
Tea,Domino,Box,https://via.placeholder.com/150?text=Tea
Carrot,John West,2kg,https://via.placeholder.com/150?text=Carrot
Soda,Starbucks,2kg,https://via.placeholder.com/150?text=Soda
Pork,Haldiram,1L,https://via.placeholder.com/150?text=Pork
Butter,Oreo,1kg,https://via.placeholder.com/150?text=Butter
Crab,Oreo,1L,https://via.placeholder.com/150?text=Crab
Bagel,Wonder,Box,https://via.placeholder.com/150?text=Bagel
Cake,Monginis,Box,https://via.placeholder.com/150?text=Cake
Crab,MDH,500g,https://via.placeholder.com/150?text=Crab
Croissant,Act II,Pack,https://via.placeholder.com/150?text=Croissant
Shrimp,Kellogg’s,Piece,https://via.placeholder.com/150?text=Shrimp
Cream,Act II,1kg,https://via.placeholder.com/150?text=Cream
Water,Parle,2kg,https://via.placeholder.com/150?text=Water
Juice,Alphonso,1kg,https://via.placeholder.com/150?text=Juice
Beef,Hostess,Box,https://via.placeholder.com/150?text=Beef
Frozen Peas,Bisleri,Pack,https://via.placeholder.com/150?text=Frozen+Peas
Bagel,Bisleri,1L,https://via.placeholder.com/150?text=Bagel
Salmon,La Boulangerie,Dozen,https://via.placeholder.com/150?text=Salmon
Sugar,Coca-Cola,Piece,https://via.placeholder.com/150?text=Sugar
Apple,Smithfield,500g,https://via.placeholder.com/150?text=Apple
Frozen Pizza,Tropicana,Piece,https://via.placeholder.com/150?text=Frozen+Pizza
Juice,Alphonso,500g,https://via.placeholder.com/150?text=Juice
Spinach,Butterball,500ml,https://via.placeholder.com/150?text=Spinach
Croissant,Pepsi,1L,https://via.placeholder.com/150?text=Croissant
Beef,Häagen-Dazs,Piece,https://via.placeholder.com/150?text=Beef
Bagel,Parle,500ml,https://via.placeholder.com/150?text=Bagel
Beef,Cadbury,500g,https://via.placeholder.com/150?text=Beef
Soda,Oreo,Box,https://via.placeholder.com/150?text=Soda
Sugar,Nestle,Piece,https://via.placeholder.com/150?text=Sugar
Pasta,Smithfield,1kg,https://via.placeholder.com/150?text=Pasta
Yogurt,Alphonso,Box,https://via.placeholder.com/150?text=Yogurt
Juice,Amul,1L,https://via.placeholder.com/150?text=Juice
Lamb,Barilla,Dozen,https://via.placeholder.com/150?text=Lamb
Mango,Domino,500g,https://via.placeholder.com/150?text=Mango
Salmon,Hostess,250ml,https://via.placeholder.com/150?text=Salmon
Lamb,Galaxy,2kg,https://via.placeholder.com/150?text=Lamb
Coffee,Hostess,Pack,https://via.placeholder.com/150?text=Coffee
Pork,Butterball,1L,https://via.placeholder.com/150?text=Pork
Nuts,Cadbury,2kg,https://via.placeholder.com/150?text=Nuts
Frozen Fries,MDH,Dozen,https://via.placeholder.com/150?text=Frozen+Fries
Pork,Alphonso,1L,https://via.placeholder.com/150?text=Pork
Spinach,Hostess,Pack,https://via.placeholder.com/150?text=Spinach
Crackers,Bisleri,Dozen,https://via.placeholder.com/150?text=Crackers
Carrot,Britannia,Dozen,https://via.placeholder.com/150?text=Carrot
Butter,Safal,Box,https://via.placeholder.com/150?text=Butter
Yogurt,Tropicana,Box,https://via.placeholder.com/150?text=Yogurt
Yogurt,Oreo,Box,https://via.placeholder.com/150?text=Yogurt
Spinach,MDH,2kg,https://via.placeholder.com/150?text=Spinach
Flour,India Gate,2kg,https://via.placeholder.com/150?text=Flour
Rice,Pillsbury,Dozen,https://via.placeholder.com/150?text=Rice
Muffin,Lipton,Dozen,https://via.placeholder.com/150?text=Muffin
Carrot,Fresca,1kg,https://via.placeholder.com/150?text=Carrot
Cookies,Parle,Piece,https://via.placeholder.com/150?text=Cookies
Sugar,Lays,1L,https://via.placeholder.com/150?text=Sugar
Orange,Butterball,500ml,https://via.placeholder.com/150?text=Orange
Carrot,Washington,500ml,https://via.placeholder.com/150?text=Carrot
Salmon,Nescafe,Box,https://via.placeholder.com/150?text=Salmon
Beef,Act II,500g,https://via.placeholder.com/150?text=Beef
Soda,Pepsi,2kg,https://via.placeholder.com/150?text=Soda
Banana,Maggi,500ml,https://via.placeholder.com/150?text=Banana
Turkey,Lays,250ml,https://via.placeholder.com/150?text=Turkey
Potato,Nescafe,Piece,https://via.placeholder.com/150?text=Potato
Apple,GreenLeaf,Piece,https://via.placeholder.com/150?text=Apple
Muffin,La Boulangerie,Piece,https://via.placeholder.com/150?text=Muffin
Beef,La Boulangerie,250ml,https://via.placeholder.com/150?text=Beef
Flour,Wonder,Dozen,https://via.placeholder.com/150?text=Flour
Tea,Nature Fresh,Pack,https://via.placeholder.com/150?text=Tea
Tuna,Bisleri,1kg,https://via.placeholder.com/150?text=Tuna
Tea,Nestle,1L,https://via.placeholder.com/150?text=Tea
Spinach,Haldiram,500ml,https://via.placeholder.com/150?text=Spinach
Juice,McCain,500ml,https://via.placeholder.com/150?text=Juice
Nuts,Monginis,500ml,https://via.placeholder.com/150?text=Nuts
Water,GreenLeaf,500g,https://via.placeholder.com/150?text=Water
Turkey,Oreo,500ml,https://via.placeholder.com/150?text=Turkey
Shrimp,Parle,1kg,https://via.placeholder.com/150?text=Shrimp
Pork,John West,Dozen,https://via.placeholder.com/150?text=Pork
Salt,Amul,Pack,https://via.placeholder.com/150?text=Salt
Potato,Häagen-Dazs,250ml,https://via.placeholder.com/150?text=Potato
Frozen Berries,Nescafe,Pack,https://via.placeholder.com/150?text=Frozen+Berries
Ice Cream,Hostess,2kg,https://via.placeholder.com/150?text=Ice+Cream
Lamb,Act II,250ml,https://via.placeholder.com/150?text=Lamb
Orange,Washington,Box,https://via.placeholder.com/150?text=Orange
Ice Cream,Domino,1kg,https://via.placeholder.com/150?text=Ice+Cream
Spinach,GreenLeaf,2kg,https://via.placeholder.com/150?text=Spinach
Popcorn,Sunkist,Dozen,https://via.placeholder.com/150?text=Popcorn
Chips,Monginis,1kg,https://via.placeholder.com/150?text=Chips
Muffin,Safal,Piece,https://via.placeholder.com/150?text=Muffin
Crab,Lurpak,Dozen,https://via.placeholder.com/150?text=Crab
Pork,Tropicana,Dozen,https://via.placeholder.com/150?text=Pork
Butter,Barilla,2kg,https://via.placeholder.com/150?text=Butter
Chips,Washington,250ml,https://via.placeholder.com/150?text=Chips
Lobster,Amul,1L,https://via.placeholder.com/150?text=Lobster
Orange,Sunkist,500g,https://via.placeholder.com/150?text=Orange
Milk,Häagen-Dazs,500ml,https://via.placeholder.com/150?text=Milk
Nuts,Lipton,1L,https://via.placeholder.com/150?text=Nuts
Potato,Monginis,Pack,https://via.placeholder.com/150?text=Potato
Yogurt,Oreo,500ml,https://via.placeholder.com/150?text=Yogurt
Crab,Tyson,Piece,https://via.placeholder.com/150?text=Crab
Frozen Pizza,Oreo,Piece,https://via.placeholder.com/150?text=Frozen+Pizza
Cheese,Tropicana,500g,https://via.placeholder.com/150?text=Cheese
Sugar,Hostess,1L,https://via.placeholder.com/150?text=Sugar
Coffee,Act II,Dozen,https://via.placeholder.com/150?text=Coffee
Frozen Berries,Parle,Dozen,https://via.placeholder.com/150?text=Frozen+Berries
Soda,Butterball,Pack,https://via.placeholder.com/150?text=Soda
Frozen Berries,Lays,500ml,https://via.placeholder.com/150?text=Frozen+Berries
Bread,Kellogg’s,2kg,https://via.placeholder.com/150?text=Bread
Tea,Kellogg’s,1L,https://via.placeholder.com/150?text=Tea
Turkey,Tyson,Dozen,https://via.placeholder.com/150?text=Turkey
Ice Cream,Haldiram,250ml,https://via.placeholder.com/150?text=Ice+Cream
Lamb,Del Monte,1kg,https://via.placeholder.com/150?text=Lamb
Rice,Wonder,1L,https://via.placeholder.com/150?text=Rice
Cream,McCain,Box,https://via.placeholder.com/150?text=Cream
Frozen Peas,Act II,500g,https://via.placeholder.com/150?text=Frozen+Peas
Crab,Butterball,250ml,https://via.placeholder.com/150?text=Crab
Turkey,Amul,1kg,https://via.placeholder.com/150?text=Turkey
Potato,Parle,1L,https://via.placeholder.com/150?text=Potato
Croissant,Coca-Cola,250ml,https://via.placeholder.com/150?text=Croissant
Potato,GreenLeaf,Box,https://via.placeholder.com/150?text=Potato
Grapes,Alphonso,500g,https://via.placeholder.com/150?text=Grapes
Frozen Fries,Sunkist,500ml,https://via.placeholder.com/150?text=Frozen+Fries
Tuna,Domino,1kg,https://via.placeholder.com/150?text=Tuna
Ice Cream,Nature Fresh,2kg,https://via.placeholder.com/150?text=Ice+Cream
Frozen Peas,Tyson,250ml,https://via.placeholder.com/150?text=Frozen+Peas
Turkey,India Gate,Piece,https://via.placeholder.com/150?text=Turkey
Cookies,Coca-Cola,250ml,https://via.placeholder.com/150?text=Cookies
Cheese,Sunkist,Pack,https://via.placeholder.com/150?text=Cheese
Crackers,McCain,500ml,https://via.placeholder.com/150?text=Crackers
Pasta,Washington,1L,https://via.placeholder.com/150?text=Pasta
Tea,Oreo,Pack,https://via.placeholder.com/150?text=Tea
Onion,Act II,Pack,https://via.placeholder.com/150?text=Onion
Lamb,Danone,2kg,https://via.placeholder.com/150?text=Lamb
Bread,MDH,250ml,https://via.placeholder.com/150?text=Bread
Cheese,Maggi,1L,https://via.placeholder.com/150?text=Cheese
Flour,Pillsbury,500g,https://via.placeholder.com/150?text=Flour
Spinach,Bisleri,Box,https://via.placeholder.com/150?text=Spinach
Muffin,Dole,1kg,https://via.placeholder.com/150?text=Muffin
Muffin,Thomas,500g,https://via.placeholder.com/150?text=Muffin
Potato,Haldiram,500ml,https://via.placeholder.com/150?text=Potato
Cream,Parle,Piece,https://via.placeholder.com/150?text=Cream
Salt,Haldiram,500ml,https://via.placeholder.com/150?text=Salt
Frozen Pizza,Fresca,Dozen,https://via.placeholder.com/150?text=Frozen+Pizza
Lamb,Parle,Box,https://via.placeholder.com/150?text=Lamb
Bagel,Del Monte,500g,https://via.placeholder.com/150?text=Bagel
Beef,Butterball,1kg,https://via.placeholder.com/150?text=Beef
Lamb,Dole,1kg,https://via.placeholder.com/150?text=Lamb
Chips,Sunkist,250ml,https://via.placeholder.com/150?text=Chips
Chips,Amul,1L,https://via.placeholder.com/150?text=Chips
Rice,Cadbury,Box,https://via.placeholder.com/150?text=Rice
Frozen Pizza,India Gate,1L,https://via.placeholder.com/150?text=Frozen+Pizza
Cookies,Sunkist,Pack,https://via.placeholder.com/150?text=Cookies
Potato,McCain,250ml,https://via.placeholder.com/150?text=Potato
Sugar,Del Monte,Dozen,https://via.placeholder.com/150?text=Sugar
Frozen Berries,Amul,250ml,https://via.placeholder.com/150?text=Frozen+Berries
Grapes,India Gate,500g,https://via.placeholder.com/150?text=Grapes
Lobster,Dole,Box,https://via.placeholder.com/150?text=Lobster
Nuts,Safal,500ml,https://via.placeholder.com/150?text=Nuts
Butter,Smithfield,250ml,https://via.placeholder.com/150?text=Butter
Chicken,Haldiram,500g,https://via.placeholder.com/150?text=Chicken
Tea,Safal,500ml,https://via.placeholder.com/150?text=Tea
Pasta,Monginis,2kg,https://via.placeholder.com/150?text=Pasta
Chicken,Haldiram,Piece,https://via.placeholder.com/150?text=Chicken
Bagel,Lipton,Piece,https://via.placeholder.com/150?text=Bagel
Ice Cream,Nature Fresh,Dozen,https://via.placeholder.com/150?text=Ice+Cream
Juice,Amul,2kg,https://via.placeholder.com/150?text=Juice
Spinach,La Boulangerie,2kg,https://via.placeholder.com/150?text=Spinach
Apple,Kellogg’s,500g,https://via.placeholder.com/150?text=Apple
Yogurt,Washington,Piece,https://via.placeholder.com/150?text=Yogurt
Chips,Wonder,Pack,https://via.placeholder.com/150?text=Chips
Bagel,Cadbury,2kg,https://via.placeholder.com/150?text=Bagel
Ice Cream,Starbucks,Box,https://via.placeholder.com/150?text=Ice+Cream
Tea,Maine Lobster,500g,https://via.placeholder.com/150?text=Tea
Popcorn,La Boulangerie,Piece,https://via.placeholder.com/150?text=Popcorn
Lobster,Häagen-Dazs,500ml,https://via.placeholder.com/150?text=Lobster
Lamb,Wonder,Dozen,https://via.placeholder.com/150?text=Lamb
Yogurt,Monginis,1kg,https://via.placeholder.com/150?text=Yogurt
Coffee,Parle,Dozen,https://via.placeholder.com/150?text=Coffee
Muffin,Dole,1kg,https://via.placeholder.com/150?text=Muffin
Cake,Butterball,1kg,https://via.placeholder.com/150?text=Cake
Muffin,Alphonso,1L,https://via.placeholder.com/150?text=Muffin
Turkey,Thomas,250ml,https://via.placeholder.com/150?text=Turkey
Apple,Domino,2kg,https://via.placeholder.com/150?text=Apple
Butter,Lurpak,500ml,https://via.placeholder.com/150?text=Butter
Frozen Fries,Barilla,Dozen,https://via.placeholder.com/150?text=Frozen+Fries
Apple,Pillsbury,Dozen,https://via.placeholder.com/150?text=Apple
Frozen Berries,Pillsbury,2kg,https://via.placeholder.com/150?text=Frozen+Berries
Pork,Fortune,Piece,https://via.placeholder.com/150?text=Pork
Cheese,Nestle,Piece,https://via.placeholder.com/150?text=Cheese
Apple,Pepsi,Box,https://via.placeholder.com/150?text=Apple
Pork,Smithfield,500g,https://via.placeholder.com/150?text=Pork
Bread,Dole,500g,https://via.placeholder.com/150?text=Bread
Bread,Thomas,1L,https://via.placeholder.com/150?text=Bread
Salmon,Oreo,Dozen,https://via.placeholder.com/150?text=Salmon
Popcorn,Lurpak,500ml,https://via.placeholder.com/150?text=Popcorn
Turkey,India Gate,500ml,https://via.placeholder.com/150?text=Turkey
Frozen Fries,Lipton,500g,https://via.placeholder.com/150?text=Frozen+Fries
Tea,Thomas,Pack,https://via.placeholder.com/150?text=Tea
Grapes,Parle,1L,https://via.placeholder.com/150?text=Grapes
Tuna,Act II,Box,https://via.placeholder.com/150?text=Tuna
Croissant,Starbucks,1kg,https://via.placeholder.com/150?text=Croissant
Frozen Fries,Kellogg’s,1kg,https://via.placeholder.com/150?text=Frozen+Fries
Bagel,Thomas,Pack,https://via.placeholder.com/150?text=Bagel
Cake,Tropicana,Pack,https://via.placeholder.com/150?text=Cake
Lobster,Butterball,1L,https://via.placeholder.com/150?text=Lobster
Milk,Nestle,Pack,https://via.placeholder.com/150?text=Milk
Mango,Maine Lobster,Piece,https://via.placeholder.com/150?text=Mango
Croissant,Kellogg’s,Piece,https://via.placeholder.com/150?text=Croissant
Mango,Lipton,2kg,https://via.placeholder.com/150?text=Mango
Muffin,Maggi,Box,https://via.placeholder.com/150?text=Muffin
Flour,Barilla,250ml,https://via.placeholder.com/150?text=Flour
Turkey,Smithfield,1kg,https://via.placeholder.com/150?text=Turkey
Shrimp,Wonder,500g,https://via.placeholder.com/150?text=Shrimp
Milk,India Gate,1kg,https://via.placeholder.com/150?text=Milk
Butter,India Gate,Box,https://via.placeholder.com/150?text=Butter
Butter,Galaxy,500ml,https://via.placeholder.com/150?text=Butter
Muffin,Monginis,500g,https://via.placeholder.com/150?text=Muffin
Milk,Fortune,500g,https://via.placeholder.com/150?text=Milk
Ice Cream,Tyson,2kg,https://via.placeholder.com/150?text=Ice+Cream
Sugar,Haldiram,250ml,https://via.placeholder.com/150?text=Sugar
Lobster,Monginis,500g,https://via.placeholder.com/150?text=Lobster
Banana,Maggi,Dozen,https://via.placeholder.com/150?text=Banana
Salmon,Safal,1L,https://via.placeholder.com/150?text=Salmon
Bagel,Act II,1kg,https://via.placeholder.com/150?text=Bagel
Lamb,Tyson,Piece,https://via.placeholder.com/150?text=Lamb
Yogurt,Tropicana,500g,https://via.placeholder.com/150?text=Yogurt
Turkey,Act II,Box,https://via.placeholder.com/150?text=Turkey
Cookies,Safal,500g,https://via.placeholder.com/150?text=Cookies
Rice,Butterball,Box,https://via.placeholder.com/150?text=Rice
Turkey,Bisleri,Pack,https://via.placeholder.com/150?text=Turkey
Cake,Coca-Cola,Box,https://via.placeholder.com/150?text=Cake
Salmon,Lays,500ml,https://via.placeholder.com/150?text=Salmon
Pork,Butterball,1kg,https://via.placeholder.com/150?text=Pork
Turkey,Danone,1L,https://via.placeholder.com/150?text=Turkey
Beef,Lurpak,1kg,https://via.placeholder.com/150?text=Beef
Banana,Nestle,500ml,https://via.placeholder.com/150?text=Banana
Cheese,Tropicana,Piece,https://via.placeholder.com/150?text=Cheese
Chips,La Boulangerie,250ml,https://via.placeholder.com/150?text=Chips
Bagel,Galaxy,250ml,https://via.placeholder.com/150?text=Bagel
Carrot,Thomas,2kg,https://via.placeholder.com/150?text=Carrot
Coffee,Bisleri,Box,https://via.placeholder.com/150?text=Coffee
Bread,Parle,2kg,https://via.placeholder.com/150?text=Bread
Soda,Domino,250ml,https://via.placeholder.com/150?text=Soda
Grapes,Maggi,Pack,https://via.placeholder.com/150?text=Grapes
Salmon,Danone,2kg,https://via.placeholder.com/150?text=Salmon
Flour,Safal,500ml,https://via.placeholder.com/150?text=Flour
Rice,Washington,250ml,https://via.placeholder.com/150?text=Rice
Water,Danone,1kg,https://via.placeholder.com/150?text=Water
Crab,India Gate,Dozen,https://via.placeholder.com/150?text=Crab
Croissant,MDH,Pack,https://via.placeholder.com/150?text=Croissant
Cake,Lipton,2kg,https://via.placeholder.com/150?text=Cake
Croissant,Cadbury,500ml,https://via.placeholder.com/150?text=Croissant
Apple,Hostess,1kg,https://via.placeholder.com/150?text=Apple
Coffee,Monginis,Piece,https://via.placeholder.com/150?text=Coffee
Shrimp,Haldiram,Piece,https://via.placeholder.com/150?text=Shrimp
Lamb,Alphonso,Dozen,https://via.placeholder.com/150?text=Lamb
Mango,Tropicana,1kg,https://via.placeholder.com/150?text=Mango
Soda,Alphonso,250ml,https://via.placeholder.com/150?text=Soda
Bread,Kellogg’s,2kg,https://via.placeholder.com/150?text=Bread
Tomato,Act II,Pack,https://via.placeholder.com/150?text=Tomato
Frozen Berries,Lipton,500ml,https://via.placeholder.com/150?text=Frozen+Berries
Banana,Häagen-Dazs,2kg,https://via.placeholder.com/150?text=Banana
Onion,Lipton,250ml,https://via.placeholder.com/150?text=Onion
Flour,Coca-Cola,Piece,https://via.placeholder.com/150?text=Flour
Salmon,Danone,500g,https://via.placeholder.com/150?text=Salmon
Frozen Berries,Fresca,1L,https://via.placeholder.com/150?text=Frozen+Berries
Lobster,Dole,250ml,https://via.placeholder.com/150?text=Lobster
Coffee,Domino,1L,https://via.placeholder.com/150?text=Coffee
Water,Fortune,2kg,https://via.placeholder.com/150?text=Water
Carrot,MDH,Box,https://via.placeholder.com/150?text=Carrot
Bread,Fortune,Dozen,https://via.placeholder.com/150?text=Bread
Pasta,Danone,Dozen,https://via.placeholder.com/150?text=Pasta
Crab,Maine Lobster,2kg,https://via.placeholder.com/150?text=Crab
Tomato,McCain,Box,https://via.placeholder.com/150?text=Tomato
Water,Safal,500g,https://via.placeholder.com/150?text=Water
Chips,Act II,250ml,https://via.placeholder.com/150?text=Chips
Nuts,Oreo,1L,https://via.placeholder.com/150?text=Nuts
Carrot,MDH,1L,https://via.placeholder.com/150?text=Carrot
Tomato,Butterball,Pack,https://via.placeholder.com/150?text=Tomato
Frozen Peas,Starbucks,1L,https://via.placeholder.com/150?text=Frozen+Peas
Tuna,Oreo,2kg,https://via.placeholder.com/150?text=Tuna
Salmon,Lays,500ml,https://via.placeholder.com/150?text=Salmon
Frozen Berries,John West,Dozen,https://via.placeholder.com/150?text=Frozen+Berries
Frozen Peas,Smithfield,2kg,https://via.placeholder.com/150?text=Frozen+Peas
Rice,Bisleri,500g,https://via.placeholder.com/150?text=Rice
Frozen Fries,Tropicana,250ml,https://via.placeholder.com/150?text=Frozen+Fries
Rice,Washington,Dozen,https://via.placeholder.com/150?text=Rice
Frozen Berries,Wonder,2kg,https://via.placeholder.com/150?text=Frozen+Berries
Water,Safal,Pack,https://via.placeholder.com/150?text=Water
Crackers,Bisleri,250ml,https://via.placeholder.com/150?text=Crackers
Apple,Butterball,Dozen,https://via.placeholder.com/150?text=Apple
Ice Cream,Dole,500ml,https://via.placeholder.com/150?text=Ice+Cream
Pork,Nestle,250ml,https://via.placeholder.com/150?text=Pork
Mango,Act II,1kg,https://via.placeholder.com/150?text=Mango
Water,Tyson,1kg,https://via.placeholder.com/150?text=Water
Mango,Parle,500ml,https://via.placeholder.com/150?text=Mango
Tea,Act II,1L,https://via.placeholder.com/150?text=Tea
Frozen Fries,Kellogg’s,500ml,https://via.placeholder.com/150?text=Frozen+Fries
Juice,Dole,1L,https://via.placeholder.com/150?text=Juice
Frozen Berries,Amul,Dozen,https://via.placeholder.com/150?text=Frozen+Berries
Milk,GreenLeaf,500g,https://via.placeholder.com/150?text=Milk
Turkey,Maggi,1L,https://via.placeholder.com/150?text=Turkey
Apple,Oreo,Piece,https://via.placeholder.com/150?text=Apple
Frozen Fries,Nestle,Piece,https://via.placeholder.com/150?text=Frozen+Fries
Lamb,MDH,Box,https://via.placeholder.com/150?text=Lamb
Ice Cream,Galaxy,2kg,https://via.placeholder.com/150?text=Ice+Cream
Turkey,Maine Lobster,Pack,https://via.placeholder.com/150?text=Turkey
Bagel,Nescafe,500g,https://via.placeholder.com/150?text=Bagel
Sugar,Fresca,Piece,https://via.placeholder.com/150?text=Sugar
Yogurt,Britannia,Pack,https://via.placeholder.com/150?text=Yogurt
Frozen Peas,Tyson,1kg,https://via.placeholder.com/150?text=Frozen+Peas
Croissant,Fresca,2kg,https://via.placeholder.com/150?text=Croissant
Cheese,Häagen-Dazs,1L,https://via.placeholder.com/150?text=Cheese
Sugar,Wonder,2kg,https://via.placeholder.com/150?text=Sugar
Bagel,Nestle,Pack,https://via.placeholder.com/150?text=Bagel
Lobster,Smithfield,Box,https://via.placeholder.com/150?text=Lobster
Pasta,Tyson,Piece,https://via.placeholder.com/150?text=Pasta
Salmon,Pillsbury,Pack,https://via.placeholder.com/150?text=Salmon
Apple,Nescafe,500g,https://via.placeholder.com/150?text=Apple
Bread,Barilla,1L,https://via.placeholder.com/150?text=Bread
Frozen Berries,Britannia,Pack,https://via.placeholder.com/150?text=Frozen+Berries
Turkey,Maggi,Dozen,https://via.placeholder.com/150?text=Turkey
Potato,Bisleri,500ml,https://via.placeholder.com/150?text=Potato
Rice,McCain,Dozen,https://via.placeholder.com/150?text=Rice
Salmon,Oreo,Pack,https://via.placeholder.com/150?text=Salmon
Mango,Washington,Dozen,https://via.placeholder.com/150?text=Mango
Cookies,Danone,Box,https://via.placeholder.com/150?text=Cookies
Water,Fresca,Pack,https://via.placeholder.com/150?text=Water
Juice,Butterball,Piece,https://via.placeholder.com/150?text=Juice
Pasta,Washington,500g,https://via.placeholder.com/150?text=Pasta
Cake,Tropicana,Piece,https://via.placeholder.com/150?text=Cake
Milk,Starbucks,250ml,https://via.placeholder.com/150?text=Milk
Frozen Pizza,Galaxy,Piece,https://via.placeholder.com/150?text=Frozen+Pizza
Yogurt,Alphonso,500ml,https://via.placeholder.com/150?text=Yogurt
Cake,Fortune,2kg,https://via.placeholder.com/150?text=Cake
Frozen Peas,Lipton,Piece,https://via.placeholder.com/150?text=Frozen+Peas
Juice,Fresca,1kg,https://via.placeholder.com/150?text=Juice
Frozen Berries,Galaxy,1L,https://via.placeholder.com/150?text=Frozen+Berries
Chicken,Pepsi,1L,https://via.placeholder.com/150?text=Chicken
Muffin,Fresca,500ml,https://via.placeholder.com/150?text=Muffin
Spinach,Smithfield,500ml,https://via.placeholder.com/150?text=Spinach
Banana,Coca-Cola,1L,https://via.placeholder.com/150?text=Banana
Spinach,Fortune,250ml,https://via.placeholder.com/150?text=Spinach
Orange,Fortune,Dozen,https://via.placeholder.com/150?text=Orange
Butter,Haldiram,2kg,https://via.placeholder.com/150?text=Butter
Shrimp,Pepsi,2kg,https://via.placeholder.com/150?text=Shrimp
Cheese,John West,250ml,https://via.placeholder.com/150?text=Cheese
Beef,Lurpak,Box,https://via.placeholder.com/150?text=Beef
Croissant,Barilla,500ml,https://via.placeholder.com/150?text=Croissant
Crab,Kellogg’s,2kg,https://via.placeholder.com/150?text=Crab
Pork,Alphonso,2kg,https://via.placeholder.com/150?text=Pork
Beef,Fresca,Box,https://via.placeholder.com/150?text=Beef
Spinach,Maggi,Box,https://via.placeholder.com/150?text=Spinach
Cookies,Nestle,500g,https://via.placeholder.com/150?text=Cookies
Cheese,La Boulangerie,1kg,https://via.placeholder.com/150?text=Cheese
Onion,Nescafe,250ml,https://via.placeholder.com/150?text=Onion
Mango,Cadbury,500g,https://via.placeholder.com/150?text=Mango
Crab,Maggi,Piece,https://via.placeholder.com/150?text=Crab
Yogurt,Smithfield,1kg,https://via.placeholder.com/150?text=Yogurt
Chips,Fortune,Pack,https://via.placeholder.com/150?text=Chips
Orange,Barilla,1L,https://via.placeholder.com/150?text=Orange
Milk,Parle,1L,https://via.placeholder.com/150?text=Milk
Onion,Oreo,Pack,https://via.placeholder.com/150?text=Onion
Pork,Nature Fresh,Box,https://via.placeholder.com/150?text=Pork
Salt,Starbucks,1kg,https://via.placeholder.com/150?text=Salt
Soda,Hostess,500ml,https://via.placeholder.com/150?text=Soda
Mango,Bisleri,Box,https://via.placeholder.com/150?text=Mango
Potato,Pepsi,500ml,https://via.placeholder.com/150?text=Potato
Lamb,GreenLeaf,Piece,https://via.placeholder.com/150?text=Lamb
Frozen Pizza,Fortune,1L,https://via.placeholder.com/150?text=Frozen+Pizza
Salmon,Wonder,1L,https://via.placeholder.com/150?text=Salmon
Lamb,Monginis,Dozen,https://via.placeholder.com/150?text=Lamb
Mango,Barilla,1L,https://via.placeholder.com/150?text=Mango
Juice,Starbucks,500g,https://via.placeholder.com/150?text=Juice
Cream,Amul,250ml,https://via.placeholder.com/150?text=Cream
Carrot,Domino,Box,https://via.placeholder.com/150?text=Carrot
Butter,Nescafe,Box,https://via.placeholder.com/150?text=Butter
Turkey,Danone,1L,https://via.placeholder.com/150?text=Turkey
Bagel,Smithfield,Pack,https://via.placeholder.com/150?text=Bagel
Turkey,Haldiram,Pack,https://via.placeholder.com/150?text=Turkey
Frozen Fries,Haldiram,500ml,https://via.placeholder.com/150?text=Frozen+Fries
Water,La Boulangerie,250ml,https://via.placeholder.com/150?text=Water
Orange,Maggi,Dozen,https://via.placeholder.com/150?text=Orange
Crackers,Lays,250ml,https://via.placeholder.com/150?text=Crackers
Milk,Fortune,Box,https://via.placeholder.com/150?text=Milk
Bagel,McCain,2kg,https://via.placeholder.com/150?text=Bagel
Turkey,John West,250ml,https://via.placeholder.com/150?text=Turkey
Juice,Barilla,500ml,https://via.placeholder.com/150?text=Juice
Bread,Thomas,500g,https://via.placeholder.com/150?text=Bread
Salmon,Maine Lobster,2kg,https://via.placeholder.com/150?text=Salmon
Cookies,Maine Lobster,1L,https://via.placeholder.com/150?text=Cookies
Chips,Galaxy,Piece,https://via.placeholder.com/150?text=Chips
Chicken,John West,Dozen,https://via.placeholder.com/150?text=Chicken
Lobster,Nature Fresh,Dozen,https://via.placeholder.com/150?text=Lobster
Mango,Nestle,Pack,https://via.placeholder.com/150?text=Mango
Orange,Dole,250ml,https://via.placeholder.com/150?text=Orange
Chicken,La Boulangerie,2kg,https://via.placeholder.com/150?text=Chicken
Nuts,India Gate,500g,https://via.placeholder.com/150?text=Nuts
Muffin,Alphonso,250ml,https://via.placeholder.com/150?text=Muffin
Carrot,Tropicana,500ml,https://via.placeholder.com/150?text=Carrot
Cookies,Barilla,2kg,https://via.placeholder.com/150?text=Cookies
Muffin,Galaxy,Dozen,https://via.placeholder.com/150?text=Muffin
Flour,Coca-Cola,2kg,https://via.placeholder.com/150?text=Flour
Tuna,Häagen-Dazs,500ml,https://via.placeholder.com/150?text=Tuna
Lamb,Del Monte,Box,https://via.placeholder.com/150?text=Lamb
Shrimp,John West,1kg,https://via.placeholder.com/150?text=Shrimp
Beef,Sunkist,2kg,https://via.placeholder.com/150?text=Beef
Pasta,Danone,500g,https://via.placeholder.com/150?text=Pasta
Pasta,Tyson,Dozen,https://via.placeholder.com/150?text=Pasta
Popcorn,Del Monte,2kg,https://via.placeholder.com/150?text=Popcorn
Potato,Safal,1kg,https://via.placeholder.com/150?text=Potato
Rice,Maggi,Piece,https://via.placeholder.com/150?text=Rice
Orange,Thomas,500ml,https://via.placeholder.com/150?text=Orange
Carrot,Safal,250ml,https://via.placeholder.com/150?text=Carrot
Salmon,Cadbury,1L,https://via.placeholder.com/150?text=Salmon
Soda,Pepsi,Pack,https://via.placeholder.com/150?text=Soda
Nuts,Alphonso,Dozen,https://via.placeholder.com/150?text=Nuts
Cheese,Danone,Box,https://via.placeholder.com/150?text=Cheese
Bread,Tyson,500ml,https://via.placeholder.com/150?text=Bread
Onion,La Boulangerie,Piece,https://via.placeholder.com/150?text=Onion
Crab,Act II,Box,https://via.placeholder.com/150?text=Crab
Onion,Monginis,1L,https://via.placeholder.com/150?text=Onion
Juice,Barilla,500ml,https://via.placeholder.com/150?text=Juice
Bagel,Nature Fresh,250ml,https://via.placeholder.com/150?text=Bagel
Shrimp,GreenLeaf,500ml,https://via.placeholder.com/150?text=Shrimp
Frozen Pizza,Cadbury,500g,https://via.placeholder.com/150?text=Frozen+Pizza
Butter,Starbucks,2kg,https://via.placeholder.com/150?text=Butter
Croissant,Hostess,Pack,https://via.placeholder.com/150?text=Croissant
Crackers,Nescafe,Pack,https://via.placeholder.com/150?text=Crackers
Muffin,Bisleri,1L,https://via.placeholder.com/150?text=Muffin
Frozen Fries,Del Monte,Dozen,https://via.placeholder.com/150?text=Frozen+Fries
Salmon,Fortune,1L,https://via.placeholder.com/150?text=Salmon
Shrimp,Monginis,Dozen,https://via.placeholder.com/150?text=Shrimp
Croissant,Maggi,Pack,https://via.placeholder.com/150?text=Croissant
Sugar,Coca-Cola,Pack,https://via.placeholder.com/150?text=Sugar
Tomato,Fortune,250ml,https://via.placeholder.com/150?text=Tomato
Shrimp,Danone,Dozen,https://via.placeholder.com/150?text=Shrimp
Cake,Washington,2kg,https://via.placeholder.com/150?text=Cake
Muffin,Act II,1L,https://via.placeholder.com/150?text=Muffin
Crackers,Sunkist,1L,https://via.placeholder.com/150?text=Crackers
Lobster,La Boulangerie,500g,https://via.placeholder.com/150?text=Lobster
Cookies,Bisleri,500g,https://via.placeholder.com/150?text=Cookies
Tuna,Danone,2kg,https://via.placeholder.com/150?text=Tuna
Banana,India Gate,Pack,https://via.placeholder.com/150?text=Banana
Coffee,Act II,Box,https://via.placeholder.com/150?text=Coffee
Cheese,Häagen-Dazs,Piece,https://via.placeholder.com/150?text=Cheese
Cake,John West,1L,https://via.placeholder.com/150?text=Cake
Ice Cream,Butterball,1kg,https://via.placeholder.com/150?text=Ice+Cream
Tomato,Tyson,1kg,https://via.placeholder.com/150?text=Tomato
Soda,John West,Pack,https://via.placeholder.com/150?text=Soda
Salt,Tropicana,Piece,https://via.placeholder.com/150?text=Salt
Muffin,Lipton,Dozen,https://via.placeholder.com/150?text=Muffin
Yogurt,Sunkist,500g,https://via.placeholder.com/150?text=Yogurt
Lobster,Lipton,500g,https://via.placeholder.com/150?text=Lobster
Juice,Lays,Box,https://via.placeholder.com/150?text=Juice
Pork,Monginis,Piece,https://via.placeholder.com/150?text=Pork
Milk,Haldiram,Dozen,https://via.placeholder.com/150?text=Milk
Frozen Peas,Bisleri,Box,https://via.placeholder.com/150?text=Frozen+Peas
Butter,Pillsbury,2kg,https://via.placeholder.com/150?text=Butter
Carrot,Del Monte,500ml,https://via.placeholder.com/150?text=Carrot
Salt,Pillsbury,500ml,https://via.placeholder.com/150?text=Salt
Carrot,Britannia,500g,https://via.placeholder.com/150?text=Carrot
Beef,Tropicana,500g,https://via.placeholder.com/150?text=Beef
Salmon,La Boulangerie,Pack,https://via.placeholder.com/150?text=Salmon
Mango,Pepsi,Pack,https://via.placeholder.com/150?text=Mango
Frozen Pizza,Nestle,Pack,https://via.placeholder.com/150?text=Frozen+Pizza
Soda,Dole,1L,https://via.placeholder.com/150?text=Soda
Croissant,McCain,1L,https://via.placeholder.com/150?text=Croissant
Milk,Lurpak,1kg,https://via.placeholder.com/150?text=Milk
Tea,Haldiram,Pack,https://via.placeholder.com/150?text=Tea
Grapes,Del Monte,2kg,https://via.placeholder.com/150?text=Grapes
Turkey,Lurpak,Pack,https://via.placeholder.com/150?text=Turkey
Pork,Del Monte,Pack,https://via.placeholder.com/150?text=Pork
Banana,MDH,1L,https://via.placeholder.com/150?text=Banana
Croissant,Pepsi,1kg,https://via.placeholder.com/150?text=Croissant
Salt,Pepsi,Piece,https://via.placeholder.com/150?text=Salt
Frozen Fries,Sunkist,Piece,https://via.placeholder.com/150?text=Frozen+Fries
Orange,Pepsi,250ml,https://via.placeholder.com/150?text=Orange
Orange,Lipton,Dozen,https://via.placeholder.com/150?text=Orange
Banana,Kellogg’s,Box,https://via.placeholder.com/150?text=Banana
Cheese,Lurpak,500g,https://via.placeholder.com/150?text=Cheese
Pork,Galaxy,Dozen,https://via.placeholder.com/150?text=Pork
Apple,GreenLeaf,1L,https://via.placeholder.com/150?text=Apple
Muffin,Starbucks,500ml,https://via.placeholder.com/150?text=Muffin
Muffin,Maine Lobster,Piece,https://via.placeholder.com/150?text=Muffin
Cake,Hostess,Pack,https://via.placeholder.com/150?text=Cake
Crackers,Maine Lobster,500ml,https://via.placeholder.com/150?text=Crackers
Shrimp,Tropicana,250ml,https://via.placeholder.com/150?text=Shrimp
Water,Oreo,1L,https://via.placeholder.com/150?text=Water
Frozen Peas,Britannia,Piece,https://via.placeholder.com/150?text=Frozen+Peas
Turkey,Lipton,Box,https://via.placeholder.com/150?text=Turkey
Juice,Lurpak,500ml,https://via.placeholder.com/150?text=Juice
Nuts,Maine Lobster,250ml,https://via.placeholder.com/150?text=Nuts
Water,India Gate,Dozen,https://via.placeholder.com/150?text=Water
Frozen Fries,Fresca,500g,https://via.placeholder.com/150?text=Frozen+Fries
Frozen Berries,Danone,1L,https://via.placeholder.com/150?text=Frozen+Berries
Tomato,Britannia,2kg,https://via.placeholder.com/150?text=Tomato
Frozen Peas,Washington,Box,https://via.placeholder.com/150?text=Frozen+Peas
Orange,Galaxy,Piece,https://via.placeholder.com/150?text=Orange
Salt,Barilla,500g,https://via.placeholder.com/150?text=Salt
Soda,Haldiram,Dozen,https://via.placeholder.com/150?text=Soda
Potato,Pillsbury,500g,https://via.placeholder.com/150?text=Potato
Frozen Pizza,Butterball,250ml,https://via.placeholder.com/150?text=Frozen+Pizza
Yogurt,Parle,Box,https://via.placeholder.com/150?text=Yogurt
Water,Cadbury,Box,https://via.placeholder.com/150?text=Water
Coffee,Butterball,1L,https://via.placeholder.com/150?text=Coffee
Muffin,Parle,500g,https://via.placeholder.com/150?text=Muffin
Yogurt,John West,1kg,https://via.placeholder.com/150?text=Yogurt
Grapes,Parle,500g,https://via.placeholder.com/150?text=Grapes
Crackers,Hostess,1kg,https://via.placeholder.com/150?text=Crackers
Nuts,Kellogg’s,1L,https://via.placeholder.com/150?text=Nuts
Apple,Wonder,Piece,https://via.placeholder.com/150?text=Apple
Flour,Maggi,Box,https://via.placeholder.com/150?text=Flour
Onion,Pillsbury,250ml,https://via.placeholder.com/150?text=Onion
Orange,Alphonso,500ml,https://via.placeholder.com/150?text=Orange
Soda,Smithfield,Piece,https://via.placeholder.com/150?text=Soda
Shrimp,Maggi,500ml,https://via.placeholder.com/150?text=Shrimp
Muffin,Cadbury,Box,https://via.placeholder.com/150?text=Muffin
Orange,Sunkist,Box,https://via.placeholder.com/150?text=Orange
Flour,MDH,500ml,https://via.placeholder.com/150?text=Flour
Muffin,Lays,1L,https://via.placeholder.com/150?text=Muffin
Cheese,Maine Lobster,1kg,https://via.placeholder.com/150?text=Cheese
Rice,Amul,Piece,https://via.placeholder.com/150?text=Rice
Crackers,India Gate,Pack,https://via.placeholder.com/150?text=Crackers
Ice Cream,Amul,Piece,https://via.placeholder.com/150?text=Ice+Cream
Shrimp,India Gate,500g,https://via.placeholder.com/150?text=Shrimp
Frozen Peas,Häagen-Dazs,250ml,https://via.placeholder.com/150?text=Frozen+Peas
Apple,Nature Fresh,250ml,https://via.placeholder.com/150?text=Apple
Croissant,Nescafe,Pack,https://via.placeholder.com/150?text=Croissant
Bread,Nature Fresh,Pack,https://via.placeholder.com/150?text=Bread
Crackers,Act II,2kg,https://via.placeholder.com/150?text=Crackers
Potato,Pillsbury,1L,https://via.placeholder.com/150?text=Potato
Flour,Barilla,250ml,https://via.placeholder.com/150?text=Flour
Lamb,Nestle,1L,https://via.placeholder.com/150?text=Lamb
Frozen Peas,Britannia,Pack,https://via.placeholder.com/150?text=Frozen+Peas
Apple,Fresca,500g,https://via.placeholder.com/150?text=Apple
Salt,Maggi,Box,https://via.placeholder.com/150?text=Salt
Lamb,Act II,500g,https://via.placeholder.com/150?text=Lamb
Popcorn,Barilla,Box,https://via.placeholder.com/150?text=Popcorn
Tea,Domino,Dozen,https://via.placeholder.com/150?text=Tea
Spinach,GreenLeaf,Box,https://via.placeholder.com/150?text=Spinach
Yogurt,Domino,Pack,https://via.placeholder.com/150?text=Yogurt
Flour,Pepsi,Pack,https://via.placeholder.com/150?text=Flour
Coffee,Haldiram,Piece,https://via.placeholder.com/150?text=Coffee
Frozen Pizza,Oreo,2kg,https://via.placeholder.com/150?text=Frozen+Pizza
Nuts,Wonder,Box,https://via.placeholder.com/150?text=Nuts
Milk,Britannia,Pack,https://via.placeholder.com/150?text=Milk
Shrimp,Galaxy,Box,https://via.placeholder.com/150?text=Shrimp
Cream,Coca-Cola,Piece,https://via.placeholder.com/150?text=Cream
Butter,Domino,2kg,https://via.placeholder.com/150?text=Butter
Flour,Maggi,Pack,https://via.placeholder.com/150?text=Flour
Tomato,Safal,250ml,https://via.placeholder.com/150?text=Tomato
Mango,Safal,1L,https://via.placeholder.com/150?text=Mango
Lamb,Lurpak,Pack,https://via.placeholder.com/150?text=Lamb
Lobster,Washington,Dozen,https://via.placeholder.com/150?text=Lobster
Crackers,Alphonso,1kg,https://via.placeholder.com/150?text=Crackers
Yogurt,Britannia,500g,https://via.placeholder.com/150?text=Yogurt
Lamb,Barilla,Piece,https://via.placeholder.com/150?text=Lamb
Frozen Peas,Bisleri,Pack,https://via.placeholder.com/150?text=Frozen+Peas
Yogurt,Hostess,1kg,https://via.placeholder.com/150?text=Yogurt
Bread,Pillsbury,250ml,https://via.placeholder.com/150?text=Bread
Potato,Alphonso,Box,https://via.placeholder.com/150?text=Potato
Frozen Peas,Lipton,1L,https://via.placeholder.com/150?text=Frozen+Peas
Cookies,Britannia,Box,https://via.placeholder.com/150?text=Cookies
Pasta,Haldiram,500ml,https://via.placeholder.com/150?text=Pasta
Apple,Lipton,500g,https://via.placeholder.com/150?text=Apple
Tuna,Hostess,2kg,https://via.placeholder.com/150?text=Tuna
Water,Nestle,Dozen,https://via.placeholder.com/150?text=Water
Coffee,Lays,Piece,https://via.placeholder.com/150?text=Coffee
Ice Cream,Nescafe,Box,https://via.placeholder.com/150?text=Ice+Cream
Potato,Danone,250ml,https://via.placeholder.com/150?text=Potato
Crackers,Fresca,250ml,https://via.placeholder.com/150?text=Crackers
Apple,Act II,250ml,https://via.placeholder.com/150?text=Apple
Tea,Wonder,250ml,https://via.placeholder.com/150?text=Tea
Tea,Lays,Piece,https://via.placeholder.com/150?text=Tea
Tomato,Maine Lobster,1L,https://via.placeholder.com/150?text=Tomato
Tea,Lipton,2kg,https://via.placeholder.com/150?text=Tea
Cake,Sunkist,Dozen,https://via.placeholder.com/150?text=Cake
Bread,India Gate,Dozen,https://via.placeholder.com/150?text=Bread
Apple,Lipton,500g,https://via.placeholder.com/150?text=Apple
Chips,Maggi,1L,https://via.placeholder.com/150?text=Chips
Rice,Nescafe,Dozen,https://via.placeholder.com/150?text=Rice
Ice Cream,Dole,Dozen,https://via.placeholder.com/150?text=Ice+Cream
Apple,Barilla,2kg,https://via.placeholder.com/150?text=Apple
Croissant,Smithfield,Dozen,https://via.placeholder.com/150?text=Croissant
Rice,Bisleri,250ml,https://via.placeholder.com/150?text=Rice
Tuna,Sunkist,Box,https://via.placeholder.com/150?text=Tuna
Cake,Dole,Piece,https://via.placeholder.com/150?text=Cake
Butter,Dole,500ml,https://via.placeholder.com/150?text=Butter
Frozen Pizza,Hostess,Pack,https://via.placeholder.com/150?text=Frozen+Pizza
Banana,Barilla,Pack,https://via.placeholder.com/150?text=Banana
Banana,Britannia,1L,https://via.placeholder.com/150?text=Banana
Rice,Dole,500ml,https://via.placeholder.com/150?text=Rice
Mango,Bisleri,500g,https://via.placeholder.com/150?text=Mango
Muffin,Pillsbury,1kg,https://via.placeholder.com/150?text=Muffin
Carrot,Act II,Pack,https://via.placeholder.com/150?text=Carrot
Rice,Fresca,500ml,https://via.placeholder.com/150?text=Rice
Spinach,Pepsi,Box,https://via.placeholder.com/150?text=Spinach
Lamb,Safal,250ml,https://via.placeholder.com/150?text=Lamb
Sugar,Oreo,Pack,https://via.placeholder.com/150?text=Sugar
Popcorn,Safal,2kg,https://via.placeholder.com/150?text=Popcorn
Nuts,Tyson,2kg,https://via.placeholder.com/150?text=Nuts
Frozen Peas,Fortune,Pack,https://via.placeholder.com/150?text=Frozen+Peas
Frozen Peas,Monginis,1L,https://via.placeholder.com/150?text=Frozen+Peas
Apple,Lurpak,1kg,https://via.placeholder.com/150?text=Apple
Spinach,Sunkist,Dozen,https://via.placeholder.com/150?text=Spinach
Coffee,GreenLeaf,Box,https://via.placeholder.com/150?text=Coffee
Chips,Thomas,1L,https://via.placeholder.com/150?text=Chips
Spinach,Washington,1kg,https://via.placeholder.com/150?text=Spinach
Flour,Maine Lobster,2kg,https://via.placeholder.com/150?text=Flour
Salmon,GreenLeaf,250ml,https://via.placeholder.com/150?text=Salmon
Beef,Bisleri,2kg,https://via.placeholder.com/150?text=Beef
Tea,Parle,Box,https://via.placeholder.com/150?text=Tea
Yogurt,Lipton,Dozen,https://via.placeholder.com/150?text=Yogurt
Cheese,Lays,Pack,https://via.placeholder.com/150?text=Cheese
Frozen Pizza,Pepsi,Box,https://via.placeholder.com/150?text=Frozen+Pizza
Shrimp,Lurpak,2kg,https://via.placeholder.com/150?text=Shrimp
Muffin,Galaxy,500ml,https://via.placeholder.com/150?text=Muffin
Coffee,Del Monte,500ml,https://via.placeholder.com/150?text=Coffee
Mango,MDH,500g,https://via.placeholder.com/150?text=Mango
Apple,Cadbury,Dozen,https://via.placeholder.com/150?text=Apple
Croissant,Galaxy,Box,https://via.placeholder.com/150?text=Croissant
Chips,Lurpak,500ml,https://via.placeholder.com/150?text=Chips
Lamb,Fortune,Box,https://via.placeholder.com/150?text=Lamb
Apple,MDH,Pack,https://via.placeholder.com/150?text=Apple
Cream,La Boulangerie,500ml,https://via.placeholder.com/150?text=Cream
Coffee,Wonder,Pack,https://via.placeholder.com/150?text=Coffee
Croissant,Del Monte,1kg,https://via.placeholder.com/150?text=Croissant
Water,Maggi,1kg,https://via.placeholder.com/150?text=Water
Pork,John West,Pack,https://via.placeholder.com/150?text=Pork
Carrot,Pepsi,250ml,https://via.placeholder.com/150?text=Carrot
Chicken,Nescafe,1kg,https://via.placeholder.com/150?text=Chicken
Juice,Tyson,Dozen,https://via.placeholder.com/150?text=Juice
Apple,Starbucks,2kg,https://via.placeholder.com/150?text=Apple
Cream,Fresca,Box,https://via.placeholder.com/150?text=Cream
Coffee,MDH,500ml,https://via.placeholder.com/150?text=Coffee
Onion,Maine Lobster,2kg,https://via.placeholder.com/150?text=Onion
Water,Hostess,Box,https://via.placeholder.com/150?text=Water
Crackers,India Gate,Dozen,https://via.placeholder.com/150?text=Crackers
Onion,Haldiram,Box,https://via.placeholder.com/150?text=Onion
Lobster,Nestle,Box,https://via.placeholder.com/150?text=Lobster
Water,Maine Lobster,1kg,https://via.placeholder.com/150?text=Water
Croissant,Häagen-Dazs,2kg,https://via.placeholder.com/150?text=Croissant
Ice Cream,Pepsi,1L,https://via.placeholder.com/150?text=Ice+Cream
Flour,Fresca,2kg,https://via.placeholder.com/150?text=Flour
Crackers,Act II,1kg,https://via.placeholder.com/150?text=Crackers
Butter,Fresca,2kg,https://via.placeholder.com/150?text=Butter
Tea,Wonder,Pack,https://via.placeholder.com/150?text=Tea
Butter,Lays,1L,https://via.placeholder.com/150?text=Butter
Salmon,Alphonso,Dozen,https://via.placeholder.com/150?text=Salmon
Salt,India Gate,1L,https://via.placeholder.com/150?text=Salt
Crackers,Nescafe,1L,https://via.placeholder.com/150?text=Crackers
Spinach,Tyson,500ml,https://via.placeholder.com/150?text=Spinach
Cake,Fortune,2kg,https://via.placeholder.com/150?text=Cake
Grapes,Fresca,1L,https://via.placeholder.com/150?text=Grapes
Chips,Domino,Pack,https://via.placeholder.com/150?text=Chips
Frozen Peas,Thomas,500ml,https://via.placeholder.com/150?text=Frozen+Peas
Popcorn,India Gate,500g,https://via.placeholder.com/150?text=Popcorn
Rice,Nestle,Pack,https://via.placeholder.com/150?text=Rice
Salmon,Act II,Box,https://via.placeholder.com/150?text=Salmon
Coffee,Safal,Dozen,https://via.placeholder.com/150?text=Coffee
Popcorn,Safal,Box,https://via.placeholder.com/150?text=Popcorn
Pasta,India Gate,1L,https://via.placeholder.com/150?text=Pasta
Potato,Pepsi,Dozen,https://via.placeholder.com/150?text=Potato
Onion,Britannia,500g,https://via.placeholder.com/150?text=Onion
Beef,Lays,Pack,https://via.placeholder.com/150?text=Beef
Cake,Starbucks,500ml,https://via.placeholder.com/150?text=Cake
Lobster,Lurpak,Piece,https://via.placeholder.com/150?text=Lobster
Apple,Parle,1L,https://via.placeholder.com/150?text=Apple
Butter,Fortune,Box,https://via.placeholder.com/150?text=Butter
Apple,Galaxy,Dozen,https://via.placeholder.com/150?text=Apple
Turkey,Maine Lobster,500ml,https://via.placeholder.com/150?text=Turkey
Water,Maine Lobster,500ml,https://via.placeholder.com/150?text=Water
Ice Cream,John West,Piece,https://via.placeholder.com/150?text=Ice+Cream
Ice Cream,Safal,Pack,https://via.placeholder.com/150?text=Ice+Cream
Water,Pillsbury,1L,https://via.placeholder.com/150?text=Water
Cheese,Safal,Box,https://via.placeholder.com/150?text=Cheese
Salmon,Monginis,2kg,https://via.placeholder.com/150?text=Salmon
Ice Cream,India Gate,250ml,https://via.placeholder.com/150?text=Ice+Cream
Cheese,GreenLeaf,Box,https://via.placeholder.com/150?text=Cheese
Mango,Bisleri,250ml,https://via.placeholder.com/150?text=Mango
Tea,Dole,2kg,https://via.placeholder.com/150?text=Tea
Cheese,Pillsbury,Piece,https://via.placeholder.com/150?text=Cheese
Shrimp,Tyson,1kg,https://via.placeholder.com/150?text=Shrimp
Lobster,Act II,Dozen,https://via.placeholder.com/150?text=Lobster
Tea,Britannia,1kg,https://via.placeholder.com/150?text=Tea
Cake,McCain,Pack,https://via.placeholder.com/150?text=Cake
Chicken,Hostess,500ml,https://via.placeholder.com/150?text=Chicken
Rice,Alphonso,Pack,https://via.placeholder.com/150?text=Rice
Beef,Act II,Box,https://via.placeholder.com/150?text=Beef
Lamb,Lays,2kg,https://via.placeholder.com/150?text=Lamb
Beef,Fortune,500g,https://via.placeholder.com/150?text=Beef
Salt,Domino,2kg,https://via.placeholder.com/150?text=Salt
Frozen Pizza,Wonder,1L,https://via.placeholder.com/150?text=Frozen+Pizza
Lamb,Nescafe,500g,https://via.placeholder.com/150?text=Lamb
Frozen Pizza,MDH,500ml,https://via.placeholder.com/150?text=Frozen+Pizza
Carrot,Parle,Pack,https://via.placeholder.com/150?text=Carrot
Lamb,Lurpak,2kg,https://via.placeholder.com/150?text=Lamb
Carrot,Act II,Piece,https://via.placeholder.com/150?text=Carrot
Chicken,Danone,250ml,https://via.placeholder.com/150?text=Chicken
Apple,Butterball,1L,https://via.placeholder.com/150?text=Apple
Cookies,Britannia,2kg,https://via.placeholder.com/150?text=Cookies
Frozen Berries,McCain,Piece,https://via.placeholder.com/150?text=Frozen+Berries
Bagel,Tropicana,2kg,https://via.placeholder.com/150?text=Bagel
Potato,Fresca,Dozen,https://via.placeholder.com/150?text=Potato
Croissant,Amul,500ml,https://via.placeholder.com/150?text=Croissant
Chips,Britannia,1kg,https://via.placeholder.com/150?text=Chips
Tuna,Sunkist,250ml,https://via.placeholder.com/150?text=Tuna
Frozen Pizza,Del Monte,Box,https://via.placeholder.com/150?text=Frozen+Pizza
Grapes,Bisleri,Pack,https://via.placeholder.com/150?text=Grapes
Tuna,Cadbury,1L,https://via.placeholder.com/150?text=Tuna
Crab,Coca-Cola,Dozen,https://via.placeholder.com/150?text=Crab
Salmon,Monginis,Pack,https://via.placeholder.com/150?text=Salmon
Apple,Fortune,Piece,https://via.placeholder.com/150?text=Apple
Pork,Fortune,Dozen,https://via.placeholder.com/150?text=Pork
Frozen Peas,Nescafe,1kg,https://via.placeholder.com/150?text=Frozen+Peas
Mango,Smithfield,1L,https://via.placeholder.com/150?text=Mango
Carrot,Nature Fresh,500ml,https://via.placeholder.com/150?text=Carrot
Nuts,Galaxy,Piece,https://via.placeholder.com/150?text=Nuts
Apple,Bisleri,1kg,https://via.placeholder.com/150?text=Apple
Rice,Maine Lobster,Box,https://via.placeholder.com/150?text=Rice
Milk,Nature Fresh,500g,https://via.placeholder.com/150?text=Milk
Bagel,Fresca,1kg,https://via.placeholder.com/150?text=Bagel
Sugar,Sunkist,1kg,https://via.placeholder.com/150?text=Sugar
Onion,Fortune,Dozen,https://via.placeholder.com/150?text=Onion
Cookies,Fortune,250ml,https://via.placeholder.com/150?text=Cookies
Cake,Bisleri,Box,https://via.placeholder.com/150?text=Cake
Rice,Lays,1kg,https://via.placeholder.com/150?text=Rice
Ice Cream,Fresca,Dozen,https://via.placeholder.com/150?text=Ice+Cream
Water,Bisleri,Box,https://via.placeholder.com/150?text=Water
Frozen Fries,Häagen-Dazs,Pack,https://via.placeholder.com/150?text=Frozen+Fries
Frozen Peas,La Boulangerie,250ml,https://via.placeholder.com/150?text=Frozen+Peas
Soda,Bisleri,Dozen,https://via.placeholder.com/150?text=Soda
Frozen Fries,Fresca,1kg,https://via.placeholder.com/150?text=Frozen+Fries
Frozen Berries,Lays,250ml,https://via.placeholder.com/150?text=Frozen+Berries
Pasta,Dole,2kg,https://via.placeholder.com/150?text=Pasta
Lamb,Galaxy,500ml,https://via.placeholder.com/150?text=Lamb
Spinach,Starbucks,1L,https://via.placeholder.com/150?text=Spinach
Apple,Del Monte,2kg,https://via.placeholder.com/150?text=Apple
Onion,Starbucks,2kg,https://via.placeholder.com/150?text=Onion
Carrot,Amul,Piece,https://via.placeholder.com/150?text=Carrot
Coffee,Dole,Dozen,https://via.placeholder.com/150?text=Coffee
Carrot,Lipton,1L,https://via.placeholder.com/150?text=Carrot
Banana,Safal,Piece,https://via.placeholder.com/150?text=Banana
Shrimp,Lipton,Dozen,https://via.placeholder.com/150?text=Shrimp
Shrimp,Maggi,1L,https://via.placeholder.com/150?text=Shrimp
Tomato,Dole,Dozen,https://via.placeholder.com/150?text=Tomato
Rice,Nescafe,Piece,https://via.placeholder.com/150?text=Rice
Yogurt,Maggi,1kg,https://via.placeholder.com/150?text=Yogurt
Tea,Danone,250ml,https://via.placeholder.com/150?text=Tea
Yogurt,Sunkist,250ml,https://via.placeholder.com/150?text=Yogurt
Crab,Pepsi,250ml,https://via.placeholder.com/150?text=Crab
Ice Cream,Pillsbury,1kg,https://via.placeholder.com/150?text=Ice+Cream
Milk,Nestle,Dozen,https://via.placeholder.com/150?text=Milk
Rice,Bisleri,500ml,https://via.placeholder.com/150?text=Rice
Banana,Lipton,500ml,https://via.placeholder.com/150?text=Banana
Salt,Pepsi,500g,https://via.placeholder.com/150?text=Salt
Tomato,Dole,Piece,https://via.placeholder.com/150?text=Tomato
Pork,Fortune,1L,https://via.placeholder.com/150?text=Pork
Crab,Danone,2kg,https://via.placeholder.com/150?text=Crab
Lamb,Tropicana,500g,https://via.placeholder.com/150?text=Lamb
Salt,Pepsi,Piece,https://via.placeholder.com/150?text=Salt
Carrot,Tyson,500ml,https://via.placeholder.com/150?text=Carrot
Salt,Lays,Piece,https://via.placeholder.com/150?text=Salt
Shrimp,Haldiram,1L,https://via.placeholder.com/150?text=Shrimp
Chips,Sunkist,Piece,https://via.placeholder.com/150?text=Chips
Frozen Berries,Tyson,Box,https://via.placeholder.com/150?text=Frozen+Berries
Banana,John West,Pack,https://via.placeholder.com/150?text=Banana
Salt,Amul,2kg,https://via.placeholder.com/150?text=Salt
Lamb,GreenLeaf,Dozen,https://via.placeholder.com/150?text=Lamb
Frozen Berries,India Gate,Box,https://via.placeholder.com/150?text=Frozen+Berries
Juice,Haldiram,1L,https://via.placeholder.com/150?text=Juice
Nuts,Safal,2kg,https://via.placeholder.com/150?text=Nuts
Ice Cream,Act II,Dozen,https://via.placeholder.com/150?text=Ice+Cream
Water,Butterball,500ml,https://via.placeholder.com/150?text=Water
Bread,Tyson,Dozen,https://via.placeholder.com/150?text=Bread
Croissant,Häagen-Dazs,Dozen,https://via.placeholder.com/150?text=Croissant
Crackers,Alphonso,Piece,https://via.placeholder.com/150?text=Crackers
Apple,Nescafe,Piece,https://via.placeholder.com/150?text=Apple
Milk,Parle,Piece,https://via.placeholder.com/150?text=Milk
Shrimp,Parle,250ml,https://via.placeholder.com/150?text=Shrimp
Water,Monginis,1kg,https://via.placeholder.com/150?text=Water
Tea,Monginis,250ml,https://via.placeholder.com/150?text=Tea
Frozen Peas,Dole,500g,https://via.placeholder.com/150?text=Frozen+Peas
Yogurt,Fortune,Piece,https://via.placeholder.com/150?text=Yogurt
Frozen Peas,Pepsi,Piece,https://via.placeholder.com/150?text=Frozen+Peas
Muffin,Lipton,500g,https://via.placeholder.com/150?text=Muffin
Bagel,Oreo,Pack,https://via.placeholder.com/150?text=Bagel
Potato,Haldiram,2kg,https://via.placeholder.com/150?text=Potato
Water,Fortune,500ml,https://via.placeholder.com/150?text=Water
Soda,Tropicana,Box,https://via.placeholder.com/150?text=Soda
Frozen Peas,Pepsi,Piece,https://via.placeholder.com/150?text=Frozen+Peas
Banana,Fortune,250ml,https://via.placeholder.com/150?text=Banana
Crackers,Maine Lobster,Piece,https://via.placeholder.com/150?text=Crackers
Muffin,Tropicana,250ml,https://via.placeholder.com/150?text=Muffin
Cream,Monginis,250ml,https://via.placeholder.com/150?text=Cream
Tuna,Del Monte,Piece,https://via.placeholder.com/150?text=Tuna
Chicken,Tyson,250ml,https://via.placeholder.com/150?text=Chicken
Orange,India Gate,1L,https://via.placeholder.com/150?text=Orange
Soda,Barilla,Dozen,https://via.placeholder.com/150?text=Soda
Juice,Tropicana,Pack,https://via.placeholder.com/150?text=Juice
Frozen Fries,Thomas,250ml,https://via.placeholder.com/150?text=Frozen+Fries
Yogurt,John West,Piece,https://via.placeholder.com/150?text=Yogurt
Onion,Coca-Cola,500g,https://via.placeholder.com/150?text=Onion
Beef,Del Monte,250ml,https://via.placeholder.com/150?text=Beef
Mango,Oreo,Pack,https://via.placeholder.com/150?text=Mango
Cake,Maggi,500ml,https://via.placeholder.com/150?text=Cake
Soda,Tropicana,Pack,https://via.placeholder.com/150?text=Soda
Apple,MDH,250ml,https://via.placeholder.com/150?text=Apple
Salmon,Britannia,1kg,https://via.placeholder.com/150?text=Salmon
Orange,Cadbury,1kg,https://via.placeholder.com/150?text=Orange
Orange,Fresca,1L,https://via.placeholder.com/150?text=Orange
Beef,Pepsi,500g,https://via.placeholder.com/150?text=Beef
Grapes,Safal,Dozen,https://via.placeholder.com/150?text=Grapes
Milk,Nestle,2kg,https://via.placeholder.com/150?text=Milk
Pork,Lipton,500g,https://via.placeholder.com/150?text=Pork
Nuts,Haldiram,Pack,https://via.placeholder.com/150?text=Nuts
Cookies,Smithfield,500g,https://via.placeholder.com/150?text=Cookies
Salmon,Cadbury,1L,https://via.placeholder.com/150?text=Salmon
Tea,Pillsbury,Pack,https://via.placeholder.com/150?text=Tea
Tuna,Amul,Pack,https://via.placeholder.com/150?text=Tuna
Milk,Tropicana,250ml,https://via.placeholder.com/150?text=Milk
Pork,Alphonso,Pack,https://via.placeholder.com/150?text=Pork
Frozen Berries,Haldiram,1L,https://via.placeholder.com/150?text=Frozen+Berries
Soda,Nature Fresh,1L,https://via.placeholder.com/150?text=Soda
Shrimp,Nescafe,Dozen,https://via.placeholder.com/150?text=Shrimp
Coffee,Kellogg’s,1kg,https://via.placeholder.com/150?text=Coffee
Coffee,Wonder,2kg,https://via.placeholder.com/150?text=Coffee
Water,Coca-Cola,2kg,https://via.placeholder.com/150?text=Water
Rice,Cadbury,1L,https://via.placeholder.com/150?text=Rice
Orange,Haldiram,Piece,https://via.placeholder.com/150?text=Orange
Ice Cream,Haldiram,500ml,https://via.placeholder.com/150?text=Ice+Cream
Lamb,Sunkist,500ml,https://via.placeholder.com/150?text=Lamb
Lamb,Maggi,2kg,https://via.placeholder.com/150?text=Lamb
Carrot,Lurpak,Box,https://via.placeholder.com/150?text=Carrot
Frozen Peas,Lurpak,2kg,https://via.placeholder.com/150?text=Frozen+Peas
Cheese,Sunkist,Box,https://via.placeholder.com/150?text=Cheese
Cake,Alphonso,Box,https://via.placeholder.com/150?text=Cake
Lamb,Maine Lobster,2kg,https://via.placeholder.com/150?text=Lamb
Croissant,Barilla,Box,https://via.placeholder.com/150?text=Croissant
Popcorn,Haldiram,250ml,https://via.placeholder.com/150?text=Popcorn
Cheese,La Boulangerie,1L,https://via.placeholder.com/150?text=Cheese
Banana,Wonder,2kg,https://via.placeholder.com/150?text=Banana
Chips,Tropicana,250ml,https://via.placeholder.com/150?text=Chips
Lamb,Thomas,Piece,https://via.placeholder.com/150?text=Lamb
Apple,Britannia,Box,https://via.placeholder.com/150?text=Apple
Salt,Safal,250ml,https://via.placeholder.com/150?text=Salt
Bagel,Fresca,Piece,https://via.placeholder.com/150?text=Bagel
Carrot,John West,Pack,https://via.placeholder.com/150?text=Carrot
Butter,Hostess,250ml,https://via.placeholder.com/150?text=Butter
Frozen Fries,Fortune,1L,https://via.placeholder.com/150?text=Frozen+Fries
Onion,Pillsbury,2kg,https://via.placeholder.com/150?text=Onion
Potato,Coca-Cola,Pack,https://via.placeholder.com/150?text=Potato
Bread,India Gate,Box,https://via.placeholder.com/150?text=Bread
Apple,Nestle,Piece,https://via.placeholder.com/150?text=Apple
Croissant,Act II,Box,https://via.placeholder.com/150?text=Croissant
Banana,Fortune,Pack,https://via.placeholder.com/150?text=Banana
Potato,India Gate,Piece,https://via.placeholder.com/150?text=Potato
Bread,Galaxy,1kg,https://via.placeholder.com/150?text=Bread
Popcorn,Tropicana,1kg,https://via.placeholder.com/150?text=Popcorn
Tea,Monginis,Dozen,https://via.placeholder.com/150?text=Tea
Juice,Lays,500g,https://via.placeholder.com/150?text=Juice
Frozen Peas,Act II,Box,https://via.placeholder.com/150?text=Frozen+Peas
Cream,Sunkist,2kg,https://via.placeholder.com/150?text=Cream
Chicken,Kellogg’s,Box,https://via.placeholder.com/150?text=Chicken
Coffee,Butterball,Dozen,https://via.placeholder.com/150?text=Coffee
Carrot,Nature Fresh,500ml,https://via.placeholder.com/150?text=Carrot
